Totaldemandmonthly,Spain_monthly,Austria_Monthly,Japan_Monthly,Hungry_monthly,germany_monthly,polland_Monthly,UK_Monthly,France_Monthly,Romania_Monthly,italy_Monthly,Grece_Monthly,Crotia_Monthly,Holland_Monthly,Finland_Monthly,Hongkong _Monthly,Pi_Domestic_Monthly, Pi_exports_Monthly,Gdp_Monthly,date,Market_share,Advertisement_Expense
1328,159,33,120,34,58,177,40,175,32,12,6,43,83,38,7,4,8,0.004085603,06-01-2002,47,238417
3147,6,42,84,111,11,295,69,175,32,28,74,37,22,58,24,1,1,0.026848249,13-01-2002,28,455109
278,59,156,42,122,58,334,223,64,32,107,16,32,10,23,48,2,2,0.021595331,20-01-2002,44,161728
287,69,3,1,13,7,196,133,115,32,132,19,18,118,132,19,3,1,0.025680934,27-01-2002,46,355184
946,137,22,227,131,45,31,124,664,32,87,6,102,17,84,32,1,1,0.022178988,03-02-2002,46,437104
127,89,42,97,379,30,95,68,55,32,121,29,54,3,112,4,1,1,0.029766537,10-02-2002,49,111727
1109,147,28,90,89,1,3,113,468,32,49,52,90,12,188,84,2,2,0.020428016,17-02-2002,32,354350
47,9,48,13,199,17,46,198,145,32,78,37,83,11,48,6,2,2,0.019844358,24-02-2002,41,211692
1789,39,69,41,5,14,67,58,10,32,38,15,33,113,168,2,1,1,0.001167315,03-03-2002,42,411442
775,26,151,280,169,50,143,191,523,32,27,8,77,172,9,306,3,1,0.014007782,10-03-2002,34,138445
1776,40,16,256,27,44,89,76,50,32,1,150,1,62,64,25,2,1,0.023929961,17-03-2002,32,290261
327,48,34,33,1,34,3,65,76,32,18,23,230,283,6,54,10,1,0.01459144,24-03-2002,42,202743
1521,34,1,56,158,17,206,137,151,32,82,66,64,109,77,50,1,1,0.030350195,31-03-2002,37,377754
3482,116,5,30,124,58,372,386,99,32,13,101,1,265,26,79,1,1,0.03151751,07-04-2002,50,242080
2581,69,73,59,80,76,277,357,310,32,36,105,28,3,2,15,1,5,0.018093385,14-04-2002,38,448374
32,39,28,69,66,53,51,10,72,32,158,11,95,14,252,1,4,1,0.00233463,21-04-2002,43,392140
241,14,14,57,25,16,81,23,251,32,64,11,46,319,8,24,2,5,0.017509728,28-04-2002,48,139472
1292,60,115,22,39,6,270,206,125,32,182,25,10,5,7,18,1,3,0.023346304,05-05-2002,27,241039
1500,5,77,5,161,21,49,60,286,32,2,14,35,150,168,37,1,1,0.007003891,12-05-2002,50,238140
1997,48,119,46,179,78,150,78,135,32,34,29,141,5,128,14,3,1,0.010505837,19-05-2002,34,325997
1794,92,27,103,40,20,18,42,18,32,127,170,142,147,4,21,2,2,0.030933852,26-05-2002,39,128404
4295,64,103,36,24,24,210,45,225,32,2,146,7,16,170,78,4,1,0.034435798,02-06-2002,35,151309
426,13,18,201,183,22,37,346,43,32,1,91,4,14,1,31,1,1,0.002918288,09-06-2002,35,336042
2598,139,247,64,38,21,50,157,287,32,42,54,20,6,90,11,1,2,0.005836576,16-06-2002,47,395840
1521,17,59,78,75,20,159,6,40,32,85,40,47,37,15,22,1,3,0.008171206,23-06-2002,47,258694
571,187,22,78,10,83,147,111,116,32,130,4,18,79,94,19,4,3,0.025097276,30-06-2002,43,431644
585,3,42,28,59,6,517,126,358,32,147,299,32,16,45,10,1,2,0.026264591,07-07-2002,45,386434
2036,4,66,88,30,11,90,50,424,32,9,12,6,47,8,40,1,1,0.022762646,14-07-2002,39,312800
371,143,25,191,2,9,340,208,313,32,12,11,99,94,32,27,3,1,0.021011673,21-07-2002,29,362850
22,36,29,14,212,15,507,133,62,32,124,60,9,518,133,14,1,1,0.013424125,28-07-2002,40,220354
1169,21,87,101,40,17,276,129,7,32,20,143,3,3,19,103,2,2,0.001750973,04-08-2002,36,222601
1038,19,40,4,15,2,16,66,7,32,3,197,6,164,94,19,1,1,0.027431907,11-08-2002,26,239344
600,62,27,21,46,14,610,23,185,32,193,48,53,14,15,20,1,3,0.003501946,18-08-2002,44,470056
833,55,68,34,55,27,106,29,229,32,149,23,48,50,71,111,1,1,0.01692607,25-08-2002,32,429243
179,85,138,77,291,36,14,230,197,32,5,14,60,106,26,21,3,6,0.015758755,01-09-2002,31,301236
171,25,4,28,137,5,3,138,124,32,209,21,72,17,266,11,1,5,0.032684825,08-09-2002,38,363277
1758,57,14,52,166,2,57,12,138,32,148,62,100,4,26,71,1,3,0.016342412,15-09-2002,48,430668
913,80,123,321,85,28,87,36,118,32,338,12,38,93,137,79,4,1,0.004669261,22-09-2002,46,199515
119,46,223,3,11,53,356,321,131,32,31,19,94,79,51,21,2,1,0.007587549,29-09-2002,36,263501
957,81,21,59,161,8,424,149,14,32,119,232,45,39,95,41,3,1,0.012256809,06-10-2002,35,211887
1078,65,80,282,18,16,243,175,528,32,12,89,58,86,210,106,2,3,0.028599222,13-10-2002,43,264049
3472,62,13,263,156,20,139,39,234,32,284,31,37,67,70,14,2,2,0.03385214,20-10-2002,27,148718
2345,25,53,104,204,9,230,17,128,32,44,8,27,113,69,10,2,5,0.005252918,27-10-2002,40,208494
2462,33,18,11,118,88,27,4,395,32,99,75,1,11,61,21,1,5,0.032101167,03-11-2002,45,260893
1001,12,13,31,14,6,278,56,195,32,106,32,49,89,5,1,1,3,0.009922179,10-11-2002,29,261308
383,16,51,39,93,10,53,42,68,32,102,77,98,169,211,22,1,1,0.009338521,17-11-2002,34,491764
769,6,51,93,141,25,58,67,100,32,157,46,1,136,116,6,3,1,0.008754864,24-11-2002,37,300388
3401,116,40,185,207,173,206,18,152,32,153,162,8,23,19,17,1,2,0.000583658,01-12-2002,43,145613
1935,50,39,173,157,25,31,41,119,32,33,17,28,27,55,55,1,7,0.0192607,08-12-2002,38,453157
423,105,90,39,110,9,198,163,106,32,68,21,197,91,60,61,1,2,0.028015564,15-12-2002,46,116533
1859,8,35,308,425,1,577,44,38,32,1,12,12,31,115,59,2,2,0.011089494,22-12-2002,41,117053
2402,75,96,9,491,17,1,70,34,32,46,33,77,60,120,14,1,1,0.018677043,29-12-2002,33,184075
5574,4,41,6,17,30,56,147,57,25,41,6,56,274,71,71,1,1,0.047758285,05-01-2003,44,369632
1726,5,40,1116,27,4,129,5,361,25,93,14,115,17,16,58,1,3,0.010916179,12-01-2003,39,126345
227,4,4,151,1,25,151,99,36,25,38,25,66,72,32,82,2,2,0.032748538,19-01-2003,33,264547
1883,20,19,860,12,52,50,12,155,25,7,13,60,143,17,4,1,1,0.055945419,26-01-2003,32,406984
1883,17,2,59,2,41,43,67,287,25,32,40,66,92,10,162,3,6,0.001364522,02-02-2003,37,385701
1201,2,97,40,105,2,50,126,136,25,122,12,16,20,17,149,1,5,0.025925926,09-02-2003,50,105691
773,28,46,944,7,56,54,3,12,25,48,82,78,272,25,165,3,1,0.04502924,16-02-2003,46,451753
1426,19,32,78,14,24,86,162,169,25,7,31,6,8,40,58,1,4,0.073684211,23-02-2003,37,490050
401,56,30,410,3,112,176,19,40,25,71,27,21,194,97,238,6,1,0.020467836,02-03-2003,28,279994
599,1,2,360,17,12,1004,18,326,25,77,19,76,109,138,27,2,3,0.038206628,09-03-2003,28,354417
1935,11,10,125,8,7,309,118,111,25,237,13,21,28,18,227,1,1,0.017738791,16-03-2003,47,202278
463,19,8,446,12,17,87,90,223,25,99,30,26,116,83,111,1,2,0.028654971,23-03-2003,30,308051
623,6,68,23,91,18,234,121,186,25,94,3,18,28,19,457,6,3,0.027290448,30-03-2003,43,111550
230,10,23,89,29,3,78,78,238,25,322,29,12,16,36,170,2,5,0.058674464,06-04-2003,48,203860
1539,11,72,231,43,6,217,260,58,25,57,25,19,105,66,97,2,1,0.057309942,13-04-2003,49,303142
37,41,216,7,25,28,229,277,42,25,26,16,70,106,6,77,1,1,0.075048733,20-04-2003,41,204897
26,1,15,13,118,77,233,146,248,25,51,6,8,15,10,133,1,1,0.070955166,27-04-2003,43,142746
1454,3,13,803,5,13,4,133,363,25,62,4,51,9,7,109,1,3,0.031384016,04-05-2003,27,388253
1024,47,20,217,3,12,17,41,41,25,119,14,42,17,42,11,2,3,0.004093567,11-05-2003,37,297384
135,55,39,361,2,4,10,35,316,25,14,60,24,19,78,72,5,2,0.053216374,18-05-2003,36,452459
385,56,26,656,7,33,9,36,77,25,24,62,10,106,80,206,4,1,0.030019493,25-05-2003,47,312906
1451,1,1,354,53,11,440,245,198,25,8,51,55,92,2,50,3,1,0.051851852,01-06-2003,41,230646
4988,17,42,66,41,169,67,55,189,25,18,88,48,95,35,8,2,1,0.080506823,08-06-2003,47,419215
1654,5,25,118,38,10,77,83,381,25,275,29,6,26,139,237,1,1,0.068226121,15-06-2003,29,328165
95,16,2,298,54,35,609,42,90,25,6,51,44,24,23,108,3,1,0.023196881,22-06-2003,27,245121
220,27,14,49,1,13,402,118,138,25,87,71,2,104,80,18,4,2,0.019103314,29-06-2003,50,298687
150,15,3,48,4,17,244,10,157,25,386,42,72,35,76,1,1,1,0.062768031,06-07-2003,31,249766
336,32,80,115,5,18,167,46,97,25,23,7,10,102,76,92,2,7,0.035477583,13-07-2003,45,392851
3050,7,73,537,49,5,213,129,340,25,64,23,46,72,105,54,2,2,0.013645224,20-07-2003,33,155020
1648,28,23,728,5,4,120,281,114,25,46,121,26,94,28,61,1,1,0.064132554,27-07-2003,29,273199
52,20,52,289,63,18,140,129,328,25,3,39,144,56,14,72,1,1,0.050487329,03-08-2003,40,130010
3971,77,25,146,26,6,226,155,368,25,11,4,14,206,30,40,4,2,0.042300195,10-08-2003,38,352658
407,40,26,47,140,29,226,40,33,25,115,23,35,222,186,97,1,1,0.015009747,17-08-2003,37,261354
1695,9,144,75,6,3,248,232,36,25,26,22,6,99,105,159,5,2,0.061403509,24-08-2003,48,447006
348,11,111,23,11,4,58,89,80,25,46,70,49,139,53,6,2,1,0.036842105,31-08-2003,35,441730
5,40,31,405,13,1,487,87,117,25,8,28,27,24,2,82,1,3,0.069590643,07-09-2003,32,218512
1615,46,106,275,11,14,13,77,203,25,77,12,1,41,30,13,1,1,0.016374269,14-09-2003,42,331506
572,41,39,106,11,22,17,28,17,25,105,102,43,11,8,90,1,2,0.00545809,21-09-2003,50,168881
3240,5,6,281,9,82,89,196,511,25,90,23,10,61,32,116,1,10,0.03411306,28-09-2003,44,350415
195,4,54,3,121,17,32,466,192,25,143,146,3,85,84,234,1,2,0.077777778,05-10-2003,39,304981
1107,5,18,148,139,104,312,119,60,25,87,58,8,323,10,57,1,1,0.008187135,12-10-2003,34,384689
2835,34,25,430,48,27,256,24,54,25,25,32,1,18,6,48,3,1,0.021832359,19-10-2003,44,137888
33,8,2,286,90,74,33,62,94,25,551,64,40,152,18,64,1,6,0.060038986,26-10-2003,48,384876
1593,30,22,138,5,15,48,85,486,25,40,41,22,19,5,79,2,3,0.054580897,02-11-2003,49,413320
1531,5,3,462,86,9,652,52,110,25,42,43,3,82,45,78,2,2,0.046393762,09-11-2003,27,151537
588,6,50,120,4,12,82,41,185,25,95,24,46,64,85,72,1,1,0.076413255,16-11-2003,33,247676
1837,21,44,189,39,31,45,206,184,25,132,23,8,6,1,106,2,1,0.006822612,23-11-2003,40,292827
3030,7,95,363,72,22,86,276,454,25,75,36,16,120,22,58,3,3,0.040935673,30-11-2003,32,223751
214,41,102,302,41,21,37,88,196,25,19,11,28,2,63,31,2,1,0.043664717,07-12-2003,44,416691
2547,35,8,671,60,12,68,204,111,25,62,38,36,113,25,169,4,3,0.072319688,14-12-2003,48,319025
4891,10,34,310,8,21,127,169,651,25,61,78,93,39,12,354,3,3,0.009551657,21-12-2003,35,498979
2321,5,19,1,34,51,31,38,24,25,54,107,42,2,38,287,2,1,0.024561404,28-12-2003,39,425894
244,5,71,326,8,63,19,38,25,7,141,26,1,73,6,240,1,2,0.007973422,04-01-2004,25,190288
2458,37,57,119,51,67,179,3,307,7,1,60,11,5,46,69,7,1,0.056810631,11-01-2004,48,331804
2279,12,81,214,11,43,260,151,159,7,103,60,1,127,8,136,4,1,0.033887043,18-01-2004,46,265776
492,27,19,203,16,1,86,59,167,7,49,27,160,198,59,42,2,1,0.002990033,25-01-2004,42,128914
1404,31,70,41,7,55,51,4,233,7,146,8,29,143,57,40,1,2,0.049833887,01-02-2004,34,354285
226,7,47,58,5,131,46,151,6,7,9,56,94,30,2,111,1,1,0.016943522,08-02-2004,31,444858
1698,14,19,571,18,1,153,193,116,7,10,34,2,101,1,234,7,5,0.023920266,15-02-2004,35,497333
80,9,78,525,17,34,101,19,247,7,113,26,7,16,2,85,1,1,0.026910299,22-02-2004,33,393203
1779,52,9,250,11,28,28,118,266,7,246,7,1,113,23,62,1,5,0.024916944,29-02-2004,40,368291
3012,13,23,6,47,4,155,3,31,7,112,17,30,36,13,67,4,1,0.02192691,07-03-2004,41,471237
104,3,90,136,48,1,142,11,68,7,18,11,4,11,2,89,4,5,0.013953488,14-03-2004,48,264290
2007,12,18,806,4,10,302,45,48,7,93,10,5,82,80,214,3,3,0.012956811,21-03-2004,50,455226
793,6,37,267,42,19,15,129,109,7,37,50,5,52,167,99,2,2,0.004983389,28-03-2004,42,242556
1278,3,11,32,13,1,88,68,292,7,32,151,14,52,88,421,2,1,0.009966777,04-04-2004,33,459588
128,15,66,746,2,25,33,185,90,7,2,59,22,39,197,197,2,1,0.020930233,11-04-2004,50,388291
221,37,1,146,38,26,247,253,149,7,101,30,3,65,111,296,2,1,0.011960133,18-04-2004,31,168630
212,8,66,88,63,43,34,117,222,7,169,43,32,44,24,131,2,3,0.040863787,25-04-2004,39,228244
1476,17,10,402,119,68,56,14,781,7,95,42,6,132,46,255,1,3,0.017940199,02-05-2004,30,345469
2200,21,31,15,34,10,635,165,56,7,108,95,101,1,46,59,2,5,0.006976744,09-05-2004,49,231032
456,19,47,96,13,22,108,82,48,7,248,10,32,41,38,205,2,9,0.022923588,16-05-2004,27,111501
733,9,27,12,7,15,411,106,135,7,62,10,16,32,6,197,1,2,0.047840532,23-05-2004,48,461311
2395,31,132,397,10,14,33,2,74,7,50,71,106,19,23,52,1,1,0.055813953,30-05-2004,28,334433
645,1,40,820,111,7,24,4,114,7,2,12,37,130,19,97,1,1,0.035880399,06-06-2004,26,129399
2185,46,53,196,47,9,67,141,391,7,29,59,1,20,153,331,1,5,0.028903654,13-06-2004,39,238393
2435,11,10,373,13,2,358,241,37,7,106,26,71,116,8,306,1,2,0.050830565,20-06-2004,29,340954
174,33,48,280,34,21,280,56,23,7,34,37,64,227,7,375,2,8,0.031893688,27-06-2004,27,153235
307,7,9,112,6,20,42,174,2,7,23,67,14,140,56,73,2,3,0.010963455,04-07-2004,34,465213
1616,8,20,405,15,31,82,151,73,7,26,30,54,1,14,11,2,2,0.005980066,11-07-2004,31,407082
1031,8,11,462,11,4,312,52,76,7,62,86,35,6,34,209,1,5,0.053820598,18-07-2004,25,172384
1379,14,16,728,1,57,263,267,365,7,64,44,22,4,29,36,2,2,0.003986711,25-07-2004,35,130663
1999,26,82,375,56,10,37,268,66,7,38,1,17,204,6,112,1,2,0.032890365,01-08-2004,41,284354
3842,38,45,28,29,19,185,305,426,7,435,50,39,40,23,39,1,1,0.025913621,08-08-2004,30,209332
409,29,13,76,84,58,1076,23,311,7,29,19,13,19,29,5,3,2,0.015946844,15-08-2004,44,216721
1919,12,70,129,55,20,40,116,49,7,9,3,96,13,16,180,1,1,0.051827243,22-08-2004,29,147757
1974,3,3,994,25,2,35,31,488,7,48,83,17,6,35,40,1,1,0.000996678,29-08-2004,29,105969
2741,20,2,14,5,34,66,13,295,7,81,11,7,431,29,148,3,2,0.036877076,05-09-2004,36,325095
3769,21,35,13,10,19,392,103,150,7,200,39,78,67,32,47,5,1,0.03089701,12-09-2004,37,385085
908,4,59,70,24,116,257,103,343,7,110,35,6,83,55,499,2,3,0.046843854,19-09-2004,38,179601
1919,22,43,398,78,4,410,210,146,7,59,11,68,93,11,12,2,5,0.041860465,26-09-2004,39,152566
4769,29,20,100,48,43,76,40,178,7,63,60,12,19,8,224,1,2,0.042857143,03-10-2004,27,273050
35,29,88,57,27,61,12,61,138,7,27,4,109,35,85,3,3,4,0.043853821,10-10-2004,33,426984
32,12,2,259,60,20,435,126,19,7,80,37,60,18,32,65,6,1,0.034883721,17-10-2004,34,113545
1447,23,19,320,108,15,191,147,193,7,104,15,53,301,118,293,2,1,0.038870432,24-10-2004,50,383309
2284,8,31,557,5,37,39,276,799,7,122,28,3,93,8,454,1,6,0.014950166,31-10-2004,41,274673
3178,6,1,88,10,29,111,373,166,7,91,22,65,21,69,51,3,1,0.054817276,07-11-2004,30,136374
3565,11,69,93,20,8,49,1,19,7,295,32,6,19,34,68,3,1,0.001993355,14-11-2004,43,263369
415,15,31,431,14,11,18,47,213,7,163,130,10,48,61,22,9,5,0.048837209,21-11-2004,26,356030
25,27,99,394,20,29,267,192,240,7,8,73,51,125,11,268,1,5,0.018936877,28-11-2004,37,486506
133,7,5,50,90,3,42,48,75,7,40,47,4,96,35,25,1,1,0.019933555,05-12-2004,31,100582
157,41,87,199,9,10,29,121,13,7,49,34,14,195,104,2,1,3,0.044850498,12-12-2004,33,394429
309,11,17,89,94,11,218,11,48,7,54,35,67,44,6,173,2,1,0.057807309,19-12-2004,44,338224
605,31,21,339,65,28,152,207,36,7,69,51,19,32,19,367,3,1,0.037873754,26-12-2004,50,334430
1435,10,43,451,15,14,353,104,517,18,47,54,1,55,43,13,1,1,0.054474708,02-01-2005,47,355026
9,62,77,208,7,4,50,107,133,18,254,3,43,212,7,32,3,3,0.020428016,09-01-2005,28,104928
851,8,10,165,5,170,4,101,132,18,6,21,21,243,17,78,6,3,0.073540856,16-01-2005,34,251787
5417,31,34,394,16,21,212,23,156,18,39,77,34,29,13,42,1,1,0.058560311,23-01-2005,35,349506
1100,8,100,321,44,15,6,36,45,18,163,38,57,97,49,14,5,1,0.014980545,30-01-2005,25,203455
2839,29,186,480,194,52,164,697,230,18,84,28,8,131,79,87,1,6,0.029961089,06-02-2005,37,253402
1243,23,11,78,4,26,728,536,206,18,2,7,1,90,44,91,1,5,0.077626459,13-02-2005,49,366254
671,19,50,248,50,8,88,64,27,18,80,43,100,133,21,211,1,1,0.046303502,20-02-2005,40,489539
618,5,29,1438,26,19,397,78,18,18,66,19,48,103,1,10,2,2,0.074902724,27-02-2005,39,239746
543,12,9,416,28,19,375,15,625,18,38,83,61,21,76,159,1,2,0.072178988,06-03-2005,38,449046
931,13,77,10,6,2,459,223,280,18,53,14,12,31,41,3,2,1,0.034046693,13-03-2005,37,462597
155,13,8,124,9,44,54,18,70,18,72,94,111,83,121,65,2,1,0.043579767,20-03-2005,44,408125
3464,24,25,25,19,10,50,492,78,18,40,79,4,19,87,45,1,1,0.055836576,27-03-2005,42,270136
382,19,181,154,10,1,70,62,106,18,55,33,42,41,35,72,1,2,0.006809339,03-04-2005,29,345441
174,60,9,184,6,17,124,25,300,18,52,22,9,12,45,84,1,2,0.012256809,10-04-2005,46,329291
3846,2,4,197,53,46,51,143,7,18,505,5,33,47,5,220,1,1,0.078988327,17-04-2005,25,185361
139,6,44,302,37,9,29,18,192,18,22,53,32,31,10,66,5,2,0.04766537,24-04-2005,25,218353
5365,20,25,25,30,1,19,219,63,18,149,77,20,39,77,209,1,1,0.036770428,01-05-2005,35,165098
4943,30,125,141,64,15,30,201,85,18,87,67,34,10,27,52,1,1,0.042217899,08-05-2005,37,470329
2263,83,45,380,53,57,272,8,137,18,64,69,11,39,31,72,1,2,0.016342412,15-05-2005,46,451568
71,13,40,259,111,19,215,51,70,18,100,58,64,287,23,67,1,1,0.013618677,22-05-2005,26,383927
37,21,32,262,7,38,85,340,9,18,67,20,24,249,111,126,1,3,0.001361868,29-05-2005,25,309417
223,8,30,307,14,48,216,36,186,18,108,15,223,73,26,44,1,1,0.025875486,05-06-2005,29,175783
949,13,11,521,34,55,66,132,485,18,63,59,4,83,34,41,2,4,0.004085603,12-06-2005,37,313460
846,30,45,407,42,3,437,264,240,18,15,61,27,17,17,16,1,1,0.062645914,19-06-2005,30,256343
2965,1,9,416,19,40,179,49,8,18,4,51,7,80,9,244,2,1,0.038132296,26-06-2005,42,423803
691,16,15,90,21,3,30,317,132,18,59,51,14,32,11,487,2,5,0.019066148,03-07-2005,49,176220
2427,2,18,114,5,7,266,198,285,18,1,63,7,22,22,12,2,4,0.005447471,10-07-2005,47,290224
948,35,65,839,11,12,522,82,183,18,113,10,11,117,22,172,3,1,0.039494163,17-07-2005,33,242499
1098,5,57,12,17,139,60,28,112,18,127,26,87,7,76,36,1,2,0.032684825,24-07-2005,30,111575
3181,50,17,269,14,3,162,110,61,18,3,5,34,171,33,30,2,1,0.059922179,31-07-2005,31,271431
307,16,8,173,26,24,213,51,176,18,11,88,69,193,26,32,1,1,0.002723735,07-08-2005,50,333477
2581,9,78,141,6,86,95,157,140,18,8,56,127,218,16,31,2,1,0.051750973,14-08-2005,44,424732
209,51,82,269,29,7,6,1,152,18,157,2,22,39,86,113,1,3,0.040856031,21-08-2005,47,239381
49,8,35,1073,16,103,51,2,184,18,168,53,58,115,15,61,1,1,0.010894942,28-08-2005,34,153598
367,10,12,196,30,1,30,23,248,18,53,64,3,36,59,67,3,1,0.06536965,04-09-2005,28,234244
2565,14,8,184,50,10,174,71,397,18,15,87,8,48,61,8,6,1,0.009533074,11-09-2005,40,482804
1781,10,88,453,43,7,114,1,249,18,58,70,19,26,99,413,1,3,0.057198444,18-09-2005,46,317250
684,14,52,168,26,16,298,8,330,18,56,80,6,113,22,11,2,2,0.023151751,25-09-2005,28,134928
1906,27,47,94,3,16,5,20,130,18,49,44,10,122,48,271,1,1,0.050389105,02-10-2005,34,154429
338,12,33,351,66,23,129,34,9,18,149,151,5,68,40,98,5,2,0.03540856,09-10-2005,37,347457
953,20,16,152,73,13,226,153,10,18,13,33,57,2,61,65,3,4,0.031322957,16-10-2005,30,346299
490,23,12,262,33,19,594,89,200,18,94,66,33,31,64,363,2,1,0.01770428,23-10-2005,26,440050
1133,3,9,171,56,8,12,28,25,18,41,8,22,9,3,40,1,1,0.05311284,30-10-2005,49,320748
1303,1,36,285,134,60,136,311,35,18,68,3,17,20,16,63,1,4,0.028599222,06-11-2005,27,301928
1456,9,29,144,35,99,228,25,334,18,59,7,14,10,65,35,1,3,0.076264591,13-11-2005,31,450797
2076,28,40,69,71,2,14,28,797,18,59,13,9,109,8,1,2,2,0.049027237,20-11-2005,29,311265
62,107,7,636,70,2,289,4,485,18,232,1,13,3,23,14,1,1,0.066731518,27-11-2005,50,128579
104,1,11,36,24,11,146,66,252,18,514,18,42,205,97,184,1,1,0.069455253,04-12-2005,29,496970
1331,3,39,382,14,31,92,19,230,18,221,6,107,118,75,187,4,1,0.068093385,11-12-2005,29,384090
493,2,34,203,60,6,135,111,31,18,105,21,35,10,12,126,2,2,0.021789883,18-12-2005,36,396588
2373,3,98,137,3,18,403,4,20,18,18,25,21,60,139,50,4,1,0.070817121,25-12-2005,31,235557
65,3,10,418,68,65,76,105,316,488,115,21,6,61,11,86,4,1,0.046927374,01-01-2006,30,369558
219,9,30,603,33,53,415,195,92,488,213,49,44,304,64,148,3,1,0.008690255,08-01-2006,39,143912
1102,20,31,841,13,64,53,23,25,488,37,84,18,33,38,37,2,1,0.020856611,15-01-2006,45,298880
2162,33,66,204,83,13,111,5,20,488,98,3,35,188,143,27,1,1,0.033891993,22-01-2006,48,170540
897,16,18,107,93,15,203,13,53,488,12,15,197,58,17,54,3,1,0.026070764,29-01-2006,45,438727
2303,53,19,98,2,7,97,56,7,488,84,92,58,216,64,38,2,1,0.025201738,05-02-2006,49,144309
1290,16,87,393,27,25,223,11,469,488,29,210,75,144,19,240,1,1,0.040844196,12-02-2006,34,343741
245,10,39,149,10,2,129,19,740,488,173,56,10,47,78,65,1,5,0.026939789,19-02-2006,38,474748
420,8,80,288,34,49,617,211,554,488,34,75,2,12,34,5,2,3,0.004345127,26-02-2006,46,127936
1648,18,15,126,57,11,63,214,75,488,19,1,36,70,17,161,2,3,0.033022967,05-03-2006,50,100831
2805,47,25,35,10,11,118,90,335,488,58,24,8,24,51,74,1,4,0.001738051,12-03-2006,30,190086
58,22,9,224,46,75,422,75,267,488,4,56,51,12,1,165,4,1,0.044320298,19-03-2006,38,272339
665,1,60,120,3,36,266,70,157,488,127,10,16,88,54,60,2,1,0.029546865,26-03-2006,45,275402
2385,14,80,423,1,117,132,144,172,488,30,14,44,28,18,65,4,4,0.010428305,02-04-2006,27,229569
3132,8,11,361,12,25,329,253,211,488,98,65,13,54,6,56,4,1,0.00955928,09-04-2006,25,440113
3463,3,13,245,1,33,93,200,71,488,142,12,34,61,146,217,1,2,0.006083178,16-04-2006,43,198685
142,19,15,1029,16,13,54,65,101,488,78,90,24,94,68,34,1,2,0.042582247,23-04-2006,31,277689
925,30,9,321,16,31,103,362,318,488,79,12,29,94,41,158,1,3,0.035630043,30-04-2006,41,318746
1345,1,29,3,55,66,564,133,37,488,26,48,9,126,1,16,1,3,0.051272502,07-05-2006,33,155704
1949,11,44,342,16,2,443,35,395,488,80,71,58,86,55,35,2,2,0.039106145,14-05-2006,28,461964
3429,45,20,200,12,5,172,188,172,488,50,7,47,56,4,55,2,1,0.012166356,21-05-2006,41,342853
1483,29,183,111,9,5,177,2,594,488,85,48,26,82,53,15,3,2,0.043451273,28-05-2006,34,223604
537,2,71,189,18,11,39,190,37,488,236,59,24,20,5,32,3,1,0.017380509,04-06-2006,48,158368
712,46,102,173,121,70,109,39,34,488,162,10,3,73,26,21,2,6,0.014773433,11-06-2006,46,378389
814,4,1,444,65,62,78,6,45,488,106,57,25,55,72,17,1,1,0.01911856,18-06-2006,43,496821
514,25,7,614,84,98,644,69,61,488,15,183,19,290,34,2,1,1,0.046058349,25-06-2006,35,122544
173,47,7,870,95,17,131,108,171,488,138,12,13,8,161,230,1,1,0.030415891,02-07-2006,37,332800
707,11,17,41,82,60,192,46,9,488,74,20,30,20,1,8,1,3,0.007821229,09-07-2006,33,421011
2738,42,118,665,79,57,1,174,149,488,97,21,65,139,24,78,1,2,0.03823712,16-07-2006,27,432120
1125,116,3,574,79,34,34,33,11,488,7,5,11,29,3,139,3,3,0.000869025,23-07-2006,36,142218
544,25,150,131,3,4,103,50,410,488,32,19,15,80,18,344,1,3,0.016511484,30-07-2006,34,261511
2910,19,11,820,52,6,29,30,73,488,61,36,96,292,29,148,1,6,0.027808814,06-08-2006,43,101719
494,11,28,50,7,4,282,165,234,488,66,13,24,65,18,260,1,1,0.002607076,13-08-2006,31,451506
1172,43,2,231,27,26,55,15,631,488,19,43,35,40,39,62,1,2,0.022594662,20-08-2006,39,207310
2764,15,35,41,42,8,220,272,182,488,27,30,60,131,2,32,2,1,0.0477964,27-08-2006,49,278541
2106,19,35,78,18,5,36,373,92,488,81,79,12,26,31,40,1,1,0.034761018,03-09-2006,31,304277
141,5,8,7,109,13,269,139,23,488,53,25,18,311,9,4,2,1,0.041713222,10-09-2006,49,156603
434,11,33,243,14,12,169,126,249,488,269,24,19,3,48,111,3,3,0.039975171,17-09-2006,28,303084
20,5,4,129,2,8,4,224,178,488,62,38,9,18,70,48,2,2,0.045189323,24-09-2006,44,190398
3805,7,12,203,14,12,221,524,722,488,170,11,54,73,5,11,2,1,0.013904407,01-10-2006,48,336628
2579,4,7,37,51,10,91,19,135,488,89,20,5,65,3,97,2,1,0.037368094,08-10-2006,26,155691
282,42,176,116,1,37,119,4,82,488,88,12,62,68,202,87,2,3,0.024332713,15-10-2006,34,300937
399,18,8,130,23,13,217,36,213,488,323,34,76,59,43,23,3,2,0.048665425,22-10-2006,29,393663
698,19,5,389,83,8,190,75,120,488,255,46,16,39,17,65,2,1,0.005214153,29-10-2006,38,379761
1114,16,22,253,3,12,291,202,16,488,48,53,7,198,104,97,8,2,0.032153942,05-11-2006,42,469533
1908,12,79,175,48,62,30,100,143,488,125,22,37,6,70,27,3,2,0.018249534,12-11-2006,46,127201
133,3,3,340,26,11,153,149,161,488,94,116,88,34,19,128,1,1,0.021725636,19-11-2006,48,400155
1166,20,26,885,29,19,191,5,97,488,126,6,12,142,35,1,1,2,0.023463687,26-11-2006,45,284532
2111,45,85,442,10,107,251,96,35,488,47,37,42,106,155,24,1,1,0.050403476,03-12-2006,49,192141
370,17,112,293,38,40,29,50,324,488,53,35,26,48,1,15,1,1,0.02867784,10-12-2006,37,393389
6117,61,18,143,53,4,315,190,175,488,4,53,12,49,100,31,1,1,0.036499069,17-12-2006,29,474686
2752,13,53,8,65,9,91,7,46,488,77,14,3,100,95,33,1,1,0.013035382,24-12-2006,35,461399
1393,54,102,567,2,11,307,66,13,9,150,24,30,25,102,301,2,2,0.016788807,31-12-2006,33,455525
474,7,7,38,31,14,78,254,4,9,40,13,10,318,10,19,2,3,0.039173884,07-01-2007,34,180104
266,8,41,80,17,19,193,72,62,9,124,5,10,58,37,114,3,2,0.039973351,14-01-2007,34,348661
455,1,24,187,9,78,15,1,234,9,74,41,1,38,4,211,3,7,0.011992005,21-01-2007,46,420313
372,25,7,112,32,44,370,86,13,9,66,28,23,196,3,263,7,1,0.036775483,28-01-2007,31,425385
1529,14,42,889,46,34,139,49,138,9,132,5,26,46,52,60,1,6,0.011192538,04-02-2007,40,210185
378,34,31,291,29,20,298,52,100,9,54,9,21,14,25,284,2,1,0.030379747,11-02-2007,32,327780
4587,21,35,177,103,84,302,260,179,9,120,144,22,75,51,64,2,1,0.025582945,18-02-2007,43,473678
119,76,45,193,95,9,319,28,331,9,194,39,20,38,93,228,3,3,0.019986676,25-02-2007,47,139425
1747,52,14,24,58,17,346,24,10,9,44,19,21,231,97,157,1,1,0.010393071,04-03-2007,29,312742
1135,2,29,190,1,113,568,112,107,9,79,94,24,81,3,83,1,6,0.001598934,11-03-2007,45,140098
1612,3,37,223,5,5,68,19,165,9,6,1,10,7,36,21,1,3,0.024783478,18-03-2007,42,322969
1728,23,31,213,13,26,20,56,724,9,4,42,24,125,8,376,2,1,0.043970686,25-03-2007,32,494162
1648,7,5,659,9,24,37,42,26,9,50,17,3,48,5,42,3,2,0.02958028,01-04-2007,30,166268
1221,6,9,293,43,24,413,67,221,9,91,26,78,120,33,241,1,1,0.032778148,08-04-2007,41,124806
3949,2,122,913,12,40,245,95,90,9,86,23,19,29,20,150,1,1,0.013590939,15-04-2007,30,284263
125,1,99,505,124,6,127,47,198,9,175,37,21,5,30,793,2,2,0.005596269,22-04-2007,29,355152
448,13,2,90,92,6,28,256,513,9,13,66,8,81,40,421,4,2,0.038374417,29-04-2007,44,382826
2510,26,29,144,73,60,137,371,81,9,99,20,17,106,27,67,1,2,0.020786143,06-05-2007,28,369522
1951,8,14,212,42,58,45,235,75,9,32,5,51,43,12,65,3,1,0.01598934,13-05-2007,45,273372
1393,62,128,132,20,17,189,75,124,9,4,20,67,28,10,540,1,1,0.015189873,20-05-2007,45,308409
265,68,14,332,54,25,97,39,66,9,80,91,4,14,76,105,1,4,0.033577615,27-05-2007,44,220657
740,16,13,486,2,15,58,28,300,9,58,93,5,12,120,149,3,2,0.02158561,03-06-2007,42,181492
4388,29,245,421,11,11,101,133,164,9,66,49,6,19,57,4,3,1,0.046369087,10-06-2007,37,415692
2527,4,54,161,33,24,558,74,4,9,1,48,3,11,52,37,1,1,0.002398401,17-06-2007,41,125792
1012,1,23,116,46,26,136,541,630,9,202,12,167,40,112,134,1,2,0.028780813,24-06-2007,29,416103
1632,15,27,534,56,54,1,7,8,9,41,9,4,23,37,27,2,1,0.018387742,01-07-2007,39,454067
2751,37,1,121,31,19,138,12,781,9,27,68,34,33,54,245,3,2,0.000799467,08-07-2007,45,226101
819,19,3,21,31,17,34,145,293,9,189,65,84,72,4,211,2,1,0.031978681,15-07-2007,31,431983
691,13,2,1291,50,33,32,321,257,9,25,65,53,3,30,105,1,1,0.006395736,22-07-2007,30,165175
1414,18,93,198,23,47,295,142,116,9,297,65,24,188,130,32,1,1,0.027181879,29-07-2007,26,162608
2128,47,1,292,7,62,64,48,4,9,32,25,6,14,10,313,1,2,0.00799467,05-08-2007,44,397734
3133,2,52,868,18,35,16,235,29,9,75,18,31,13,11,24,2,2,0.040772818,12-08-2007,49,477757
1060,10,34,52,80,24,18,79,61,9,17,9,37,227,8,36,1,1,0.04556962,19-08-2007,35,263376
1552,37,21,131,11,6,32,35,126,9,31,53,11,59,12,23,2,3,0.012791472,26-08-2007,30,457133
295,15,2,164,22,3,445,11,290,9,54,3,7,93,11,45,2,1,0.007195203,02-09-2007,48,300652
88,11,112,513,81,15,174,121,143,9,78,65,16,316,45,422,4,2,0.031179214,09-09-2007,44,334600
4125,2,31,118,27,4,76,285,4,9,132,51,14,44,46,291,1,3,0.023984011,16-09-2007,30,472161
414,2,5,437,15,9,41,131,137,9,22,104,80,143,26,80,7,1,0.003997335,23-09-2007,35,237705
201,7,62,83,86,1,170,83,317,9,63,16,15,6,66,23,2,1,0.023184544,30-09-2007,37,428345
1194,12,19,231,29,21,243,28,254,9,15,81,70,43,20,195,1,2,0.043171219,07-10-2007,41,245555
47,13,2,100,4,16,23,27,211,9,55,8,46,100,53,256,1,3,0.009593604,14-10-2007,34,177894
1620,56,44,63,14,69,326,127,238,9,345,4,5,164,127,37,2,1,0.041572285,21-10-2007,26,154830
2937,44,40,224,49,38,126,124,90,9,17,74,2,112,31,68,1,1,0.019187209,28-10-2007,35,221262
458,1,31,8,1,14,423,105,125,9,67,57,15,164,26,50,3,2,0.044770153,04-11-2007,39,412332
1440,22,10,309,84,7,23,160,595,9,49,1,29,13,36,263,1,5,0.035176549,11-11-2007,31,157313
5097,8,104,152,8,36,71,74,63,9,241,15,70,162,29,158,3,1,0.004796802,18-11-2007,47,158219
941,41,91,16,80,60,120,35,302,9,52,22,25,45,118,204,1,1,0.017588274,25-11-2007,40,499870
2,26,3,53,20,18,59,57,120,9,96,60,15,35,88,201,2,3,0.014390406,02-12-2007,41,251288
58,14,10,716,5,39,93,4,24,9,43,53,12,121,6,226,1,1,0.035976016,09-12-2007,33,223045
1391,11,57,300,35,61,401,185,8,9,176,32,94,69,8,140,4,3,0.008794137,16-12-2007,45,236401
467,12,51,54,34,2,296,24,23,9,2,12,160,167,67,61,3,1,0.026382412,23-12-2007,47,499930
194,75,13,543,23,11,73,48,61,72,7,32,13,50,27,149,3,7,-0.016476126,30-12-2007,48,268174
2416,22,47,267,29,1,37,182,50,72,54,85,128,115,4,176,1,1,-0.091795562,06-01-2008,26,185903
3677,2,15,29,36,58,373,76,77,72,95,21,49,54,298,174,2,2,-0.063550773,13-01-2008,45,137434
1137,8,19,54,87,28,71,15,10,72,16,23,60,70,33,148,2,1,-0.0800269,20-01-2008,45,249467
860,84,16,127,47,25,531,118,17,72,14,97,12,45,11,24,1,9,-0.049428379,27-01-2008,29,178267
1468,21,25,408,11,32,13,13,86,72,53,127,29,89,119,211,4,3,-0.030598521,03-02-2008,28,475768
6820,2,1,584,36,2,52,78,5,72,98,8,60,32,10,22,2,1,-0.124747814,10-02-2008,42,201036
3896,52,38,517,36,22,17,3,416,72,20,15,41,10,12,88,1,4,-0.04001345,17-02-2008,34,103292
231,14,53,65,37,8,93,7,40,72,337,20,15,98,8,424,1,5,-0.089441829,24-02-2008,36,362480
415,55,45,700,9,21,129,127,26,72,37,18,13,99,5,199,5,2,-0.122394082,02-03-2008,25,361953
6201,3,19,542,110,33,135,100,412,72,39,19,47,40,3,102,2,5,-0.108271688,09-03-2008,30,209188
1496,16,3,100,47,20,66,195,632,72,25,58,37,115,143,75,5,1,-0.11062542,16-03-2008,44,486050
868,25,26,858,44,31,45,122,93,72,69,3,72,26,9,152,1,2,-0.131809011,23-03-2008,35,336714
6493,4,23,348,5,14,300,294,2,72,58,39,43,86,52,503,2,10,-0.075319435,30-03-2008,26,228053
1843,18,56,33,27,34,71,109,120,72,84,18,84,77,15,22,2,2,-0.058843309,06-04-2008,39,281584
664,8,2,3,18,145,73,156,202,72,20,21,11,56,18,208,1,1,-0.115332885,13-04-2008,34,218923
948,7,69,425,20,7,316,60,33,72,61,84,29,86,67,689,2,2,-0.047074647,20-04-2008,30,412815
357,6,29,17,225,23,187,84,511,72,62,31,20,20,11,123,1,2,-0.127101547,27-04-2008,31,328556
268,12,38,38,16,35,15,4,141,72,39,82,4,16,52,210,2,1,-0.011768662,04-05-2008,33,476107
213,29,2,305,83,7,373,101,24,72,49,12,30,209,2,4,1,1,-0.042367182,11-05-2008,36,259759
1810,15,11,150,1,35,204,54,16,72,61,27,46,36,1,79,10,4,-0.084734364,18-05-2008,45,434486
883,3,9,276,18,16,202,124,46,72,221,15,22,90,13,242,1,2,-0.082380632,25-05-2008,29,453277
820,60,13,1214,5,54,297,74,323,72,30,52,27,23,5,36,1,3,-0.101210491,01-06-2008,29,217761
2647,1,13,189,14,1,20,224,98,72,126,32,49,117,60,474,1,1,-0.112979153,08-06-2008,47,298741
162,8,16,363,51,3,113,196,357,72,4,25,1,48,16,425,2,3,-0.072965703,15-06-2008,37,392161
7,42,34,630,31,1,305,79,38,72,9,2,11,86,177,41,8,2,-0.065904506,22-06-2008,31,216179
730,3,42,372,29,8,12,8,219,72,19,27,20,49,21,131,2,2,-0.044720915,29-06-2008,46,196967
1038,3,26,153,99,15,87,58,29,72,33,10,1,283,10,21,6,1,-0.004707465,06-07-2008,34,283384
372,12,29,234,17,52,17,75,220,72,25,16,4,7,56,596,1,6,-0.002353732,13-07-2008,45,408336
784,6,14,86,115,27,161,42,940,72,44,25,35,228,16,206,2,1,-0.068258238,20-07-2008,47,249235
1906,54,44,409,14,12,287,74,291,72,71,20,102,41,55,319,1,1,-0.014122394,27-07-2008,50,132148
228,15,51,109,1,24,404,89,40,72,7,56,19,10,33,126,3,1,-0.032952253,03-08-2008,28,466308
256,29,28,83,7,44,7,35,147,72,149,169,9,82,31,195,2,2,-0.136516476,10-08-2008,30,385539
2734,3,48,38,39,108,263,81,109,72,25,182,7,34,4,577,1,2,-0.056489576,17-08-2008,28,397440
1074,13,18,41,24,25,510,118,82,72,37,25,31,111,6,328,3,1,-0.134162744,24-08-2008,48,107877
53,23,75,113,20,10,136,223,317,72,188,49,41,182,103,103,2,2,-0.035305985,31-08-2008,26,193087
806,11,103,262,20,34,8,108,139,72,4,109,22,47,21,32,1,1,-0.023537323,07-09-2008,28,494616
670,16,57,120,2,8,72,84,3,72,101,38,10,26,3,19,1,5,-0.051782112,14-09-2008,48,353368
3177,5,9,66,35,47,116,67,200,72,279,21,38,246,2,56,3,1,-0.096503026,21-09-2008,45,461625
817,8,3,726,25,3,209,88,20,72,369,46,43,270,60,17,4,1,-0.021183591,28-09-2008,38,197721
85,56,110,490,9,20,47,419,319,72,240,57,12,321,8,13,7,1,-0.054135844,05-10-2008,32,292544
198,26,14,184,36,37,259,169,14,72,87,49,66,50,65,150,6,2,-0.061197041,12-10-2008,38,334156
2673,16,94,126,72,47,106,15,50,72,1,30,17,79,165,144,6,1,-0.028244788,19-10-2008,32,160738
439,30,10,274,101,59,255,262,486,72,191,50,10,12,16,120,1,3,-0.018829859,26-10-2008,41,336936
2258,1,46,324,3,27,277,143,163,72,165,130,84,29,3,184,1,2,-0.103564223,02-11-2008,45,152577
635,11,40,359,5,14,130,98,46,72,99,16,8,50,11,183,1,8,-0.129455279,09-11-2008,38,112077
1219,4,47,337,103,36,59,38,73,72,52,42,101,25,22,33,7,1,-0.077673167,16-11-2008,34,338889
813,23,23,26,19,50,40,92,643,72,110,13,24,37,5,644,8,2,-0.037659718,23-11-2008,44,111937
840,5,68,62,33,6,144,36,416,72,23,31,19,17,78,22,4,2,-0.087088097,30-11-2008,46,220699
199,7,9,43,10,31,477,50,88,72,218,64,91,10,72,76,2,1,-0.007061197,07-12-2008,44,190856
1338,9,24,670,16,11,601,55,5,72,38,12,23,83,3,86,2,2,-0.105917956,14-12-2008,26,121935
2837,19,25,221,17,21,192,500,302,72,385,81,81,109,3,94,2,1,-0.009414929,21-12-2008,31,392499
1618,6,11,181,51,45,17,14,388,8,113,30,8,45,9,268,3,2,-0.042598376,28-12-2008,35,167742
1028,8,5,44,62,14,107,51,159,8,142,149,77,48,14,334,1,1,-0.079700187,04-01-2009,49,212394
389,14,131,509,1,16,179,34,153,8,301,39,27,349,83,118,2,4,-0.075577764,11-01-2009,26,300876
3402,25,27,109,13,35,302,54,14,8,122,48,34,106,11,145,1,2,-0.041224235,18-01-2009,48,407695
1902,8,5,15,53,8,169,151,673,8,72,58,79,151,41,20,1,1,-0.021986259,25-01-2009,46,467679
2695,3,18,43,25,46,103,19,166,8,38,51,9,65,86,102,1,1,-0.027482823,01-02-2009,34,213590
1842,4,18,234,9,24,158,145,8,8,302,5,46,40,114,135,1,1,-0.070081199,08-02-2009,47,271393
585,5,5,353,181,41,258,48,221,8,44,55,2,34,25,33,2,2,-0.056339788,15-02-2009,37,480211
130,22,2,206,116,30,520,22,274,8,141,4,18,34,7,548,1,1,-0.015115553,22-02-2009,47,393391
703,5,52,131,83,32,102,89,133,8,6,23,1,79,41,197,3,1,-0.063210493,01-03-2009,31,187179
287,91,10,53,10,24,35,123,34,8,24,203,30,56,26,322,3,2,-0.050843223,08-03-2009,45,396590
1202,7,67,496,20,14,254,259,29,8,3,13,75,8,1,275,1,2,-0.07145534,15-03-2009,41,430839
1588,1,17,247,4,6,8,269,182,8,196,103,3,399,29,57,2,1,-0.039850094,22-03-2009,33,217257
251,16,12,122,1,36,88,18,261,8,52,86,1,60,54,88,1,1,-0.068707058,29-03-2009,25,129463
2501,8,35,359,52,21,21,117,337,8,50,26,2,2,5,329,3,2,-0.065958776,05-04-2009,50,335128
576,5,6,159,2,24,303,104,96,8,197,19,15,26,45,20,1,1,-0.008244847,12-04-2009,31,148109
924,24,39,2,70,8,334,337,183,8,76,17,150,48,265,546,2,1,-0.061836352,19-04-2009,37,368063
320,3,37,522,8,42,418,56,148,8,224,50,35,12,57,70,3,2,-0.054965646,26-04-2009,34,188472
2421,5,1,286,37,31,440,33,93,8,56,1,42,103,5,190,1,1,-0.024734541,03-05-2009,44,338369
4350,19,34,56,32,6,409,208,725,8,17,180,16,314,46,29,1,1,-0.0467208,10-05-2009,46,263408
343,1,6,911,34,27,533,31,368,8,30,18,70,163,39,257,2,2,-0.05908807,17-05-2009,50,477819
995,1,1,714,9,14,66,128,230,8,290,33,94,88,13,24,2,1,-0.016489694,24-05-2009,49,481825
3664,21,11,321,14,12,1,100,224,8,9,28,64,57,22,220,1,1,-0.006870706,31-05-2009,46,337975
238,13,20,13,12,2,242,16,62,8,124,65,17,3,20,33,1,4,-0.038475953,07-06-2009,36,136134
1507,11,8,138,17,29,93,139,47,8,17,26,15,86,67,150,4,1,-0.013741412,14-06-2009,44,275886
1125,31,10,120,56,115,422,18,87,8,13,14,2,102,16,196,1,1,-0.001374141,21-06-2009,50,364227
866,13,87,6,42,2,7,13,228,8,67,14,31,87,13,27,4,2,-0.076951905,28-06-2009,48,286990
1064,9,9,217,7,10,79,5,143,8,34,39,53,230,76,3,4,1,-0.072829482,05-07-2009,29,307485
752,35,4,221,5,57,173,24,39,8,15,25,26,23,20,46,2,2,-0.045346658,12-07-2009,43,173456
2730,6,39,359,5,18,345,38,631,8,36,27,119,15,14,96,1,1,-0.017863835,19-07-2009,44,111834
2133,65,56,92,9,4,87,27,41,8,178,56,24,46,25,227,1,1,-0.009618988,26-07-2009,50,137282
46,63,60,391,37,23,54,404,373,8,94,128,47,147,40,280,2,4,-0.053591505,02-08-2009,38,246053
168,9,27,188,1,34,349,4,48,8,42,22,28,72,23,616,1,1,-0.034353529,09-08-2009,39,193543
6,11,150,105,31,64,50,17,243,8,53,62,13,18,25,141,1,1,-0.064584635,16-08-2009,40,334143
540,15,10,199,1,5,120,93,184,8,20,55,35,25,40,253,8,1,-0.081074329,23-08-2009,42,207471
522,18,34,128,28,7,117,416,283,8,25,105,24,28,47,178,2,1,-0.049469082,30-08-2009,42,183064
2977,10,92,303,92,10,95,21,68,8,36,18,58,150,63,111,1,1,-0.01236727,06-09-2009,41,173894
388,56,38,423,10,22,95,146,6,8,52,8,2,151,48,122,1,2,-0.030231106,13-09-2009,27,367762
866,14,35,4,38,33,123,92,117,8,139,130,28,128,129,138,1,1,-0.026108682,20-09-2009,46,248049
474,21,28,231,43,10,129,303,25,8,339,12,14,104,7,222,1,3,-0.037101811,27-09-2009,32,307236
3285,1,12,86,83,13,63,169,71,8,562,87,64,12,53,160,2,2,-0.002748282,04-10-2009,39,181687
400,59,4,229,13,49,17,206,260,8,72,10,153,91,61,18,5,1,-0.031605247,11-10-2009,46,153499
2023,9,29,520,2,124,97,9,261,8,106,13,7,117,4,29,3,1,-0.032979388,18-10-2009,49,319738
3463,20,7,168,107,83,323,120,205,8,178,22,15,127,7,46,1,1,-0.043972517,25-10-2009,33,467639
1176,9,77,649,34,6,39,25,171,8,17,73,12,1,26,714,7,1,-0.057713929,01-11-2009,26,465631
1398,1,2,416,38,2,44,70,24,8,17,34,83,1,52,91,2,2,-0.048094941,08-11-2009,31,436867
401,42,8,970,9,25,653,183,113,8,65,61,4,94,30,44,1,3,-0.078326046,15-11-2009,48,268343
2322,22,69,733,1,36,239,410,45,8,24,24,19,41,10,217,4,3,-0.067332917,22-11-2009,46,441942
619,134,153,1104,117,30,143,236,117,8,13,11,30,7,26,133,1,3,-0.004122423,29-11-2009,46,133956
6548,17,26,217,69,7,9,79,62,8,12,31,3,49,13,132,4,1,-0.03572767,06-12-2009,49,314599
1039,20,25,117,87,26,91,11,333,8,157,7,117,36,12,7,2,1,-0.052217364,13-12-2009,27,101870
2750,1,10,74,46,56,113,119,11,8,88,32,2,62,13,34,2,1,-0.010993129,20-12-2009,41,334926
245,75,10,286,22,29,102,156,55,61,234,46,10,15,6,164,1,1,0.057546564,27-12-2009,37,332701
569,35,16,385,3,5,71,175,223,61,104,59,11,106,113,228,2,2,0.119203597,03-01-2010,27,477412
649,8,43,26,29,43,507,41,30,61,6,31,2,128,3,135,1,1,0.043159923,10-01-2010,30,222139
3904,26,15,421,20,11,144,107,38,61,151,121,18,80,75,76,1,1,0.024662813,17-01-2010,27,150053
276,4,4,270,28,7,60,18,303,61,67,4,32,39,69,63,1,5,0.055491329,24-01-2010,29,440167
2258,23,61,282,38,11,206,47,179,61,95,141,176,23,32,8,1,5,0.06987797,31-01-2010,27,214940
8273,28,6,177,49,48,63,156,36,61,18,50,63,68,14,38,1,2,0.039049454,07-02-2010,48,372546
1448,65,32,432,17,13,94,35,25,61,50,13,15,11,47,53,2,1,0.071933205,14-02-2010,37,351325
1630,9,16,138,12,5,372,18,17,61,185,2,13,2,22,16,3,1,0.065767502,21-02-2010,34,237152
22,40,27,170,70,62,55,137,246,61,10,46,4,334,119,371,1,2,0.121258831,28-02-2010,34,381960
1402,24,41,28,3,5,55,129,322,61,170,12,15,107,29,73,3,2,0.067822736,07-03-2010,44,207820
1784,2,74,188,16,13,224,308,29,61,38,32,14,78,43,116,2,7,0.008220938,14-03-2010,44,402167
896,3,8,664,5,10,7,93,38,61,40,146,52,61,118,60,1,2,0.012331407,21-03-2010,38,316956
197,3,53,305,8,27,221,157,356,61,59,27,59,81,108,138,6,2,0.10687219,28-03-2010,44,338820
455,39,5,43,3,15,96,12,23,61,186,18,3,28,53,68,3,5,0.113037893,04-04-2010,37,112314
647,40,39,458,3,2,31,82,19,61,105,111,9,39,19,15,9,1,0.034938985,11-04-2010,30,138649
6156,3,13,19,33,7,82,165,81,61,45,11,6,46,109,442,1,1,0.061657033,18-04-2010,34,149450
524,33,2,278,7,4,102,19,27,61,6,19,31,119,25,55,3,1,0.049325626,25-04-2010,30,492915
3808,3,38,674,4,6,523,160,289,61,30,191,6,57,117,339,1,1,0.032883751,02-05-2010,40,112053
2836,67,13,315,92,5,78,10,97,61,85,6,34,100,100,152,1,4,0.051380861,09-05-2010,40,402985
2023,45,22,827,76,66,505,156,186,61,93,20,4,28,35,561,4,1,0.053436095,16-05-2010,44,438978
4259,46,31,245,129,20,621,121,322,61,137,15,9,8,26,164,1,3,0.092485549,23-05-2010,50,421306
3852,5,6,715,17,16,39,66,161,61,9,14,20,81,214,240,1,1,0.08837508,30-05-2010,44,413924
229,72,14,628,69,46,232,89,365,61,269,47,22,140,46,66,1,3,0.01849711,06-06-2010,31,181632
1733,24,46,133,98,19,178,144,176,61,550,170,6,100,160,806,2,2,0.016441875,13-06-2010,43,414473
232,12,35,24,76,7,314,157,18,61,28,12,3,27,4,68,1,1,0.096596018,20-06-2010,31,446424
261,28,25,107,15,36,282,54,192,61,92,17,36,61,75,327,2,1,0.03699422,27-06-2010,42,385523
405,23,77,151,51,35,39,9,274,61,47,124,13,1,103,615,2,2,0.117148362,04-07-2010,34,313589
52,48,110,148,37,12,46,111,293,61,49,111,20,54,22,76,5,1,0.028773282,11-07-2010,30,268791
232,15,63,260,79,28,153,89,171,61,71,88,16,90,1,83,1,1,0.094540784,18-07-2010,38,453562
595,156,13,64,41,51,247,215,4,61,75,63,11,142,4,18,5,1,0.100706487,25-07-2010,45,429096
975,98,30,462,20,26,246,114,296,61,112,32,22,57,130,34,1,3,0.073988439,01-08-2010,40,122271
3034,5,11,315,80,41,645,14,594,61,61,14,27,134,51,246,1,3,0.086319846,08-08-2010,31,399871
1443,21,88,940,9,31,209,194,389,61,49,40,39,16,50,184,1,1,0.045215157,15-08-2010,31,389371
1021,2,17,11,155,29,210,227,126,61,9,2,51,8,7,247,3,1,0.014386641,22-08-2010,49,370512
2194,20,11,10,15,19,52,5,32,61,100,7,280,11,120,120,2,1,0.010276172,29-08-2010,29,207828
3443,151,14,223,23,5,596,73,334,61,32,5,50,110,90,46,2,2,0.022607579,05-09-2010,42,390424
407,58,35,574,21,11,62,165,238,61,49,5,24,51,40,482,2,3,0.063712267,12-09-2010,47,133249
190,28,8,8,10,16,3,16,2,61,32,21,7,4,24,199,1,1,0.098651252,19-09-2010,38,118709
366,47,70,71,108,64,229,35,126,61,41,43,47,139,59,110,1,2,0.110982659,26-09-2010,27,430151
39,17,21,273,16,9,147,296,580,61,91,18,342,39,75,19,1,4,0.026718048,03-10-2010,42,105924
298,60,33,66,13,9,318,12,191,61,90,13,17,107,66,382,1,1,0.041104689,10-10-2010,42,460597
503,3,118,199,59,5,446,36,180,61,110,76,42,36,5,418,1,1,0.059601798,17-10-2010,46,116013
682,39,12,45,1,4,70,107,13,61,298,20,7,112,161,195,1,1,0.080154143,24-10-2010,40,473542
1026,22,2,33,9,20,133,96,41,61,49,41,7,14,139,222,2,1,0.082209377,31-10-2010,30,395365
1375,96,2,169,3,4,45,61,36,61,101,7,7,27,50,108,6,5,0.020552344,07-11-2010,49,311530
2049,91,45,277,3,28,46,144,72,61,47,45,16,171,46,181,2,1,0.078098908,14-11-2010,36,366295
982,14,52,26,45,19,194,53,79,61,77,63,41,156,197,27,1,1,0.002055234,21-11-2010,39,451698
22,53,37,170,17,1,18,118,15,61,36,2,2,48,67,168,1,2,0.115093128,28-11-2010,36,472025
1320,70,5,92,24,119,17,100,24,61,36,2,18,184,50,280,1,1,0.104816956,05-12-2010,31,342399
983,32,30,162,12,52,17,39,244,61,96,6,35,219,132,122,2,1,0.108927425,12-12-2010,35,259043
719,12,31,367,3,9,314,475,61,61,104,65,79,89,307,120,1,2,0.004110469,19-12-2010,47,386235
325,3,74,913,47,26,61,120,232,233,262,24,1,47,8,43,1,1,0.001278772,26-12-2010,50,131563
1271,4,28,295,14,12,208,107,69,233,201,11,40,86,153,43,3,1,0.003516624,02-01-2011,44,274692
609,26,65,142,88,1,51,52,259,233,71,89,78,46,21,80,3,1,0.010869565,09-01-2011,32,254380
2116,18,59,250,115,18,91,421,189,233,29,101,41,15,8,16,3,2,0.015345269,16-01-2011,44,172066
378,1,20,21,19,1,41,20,150,233,26,81,43,9,93,263,4,1,0.013107417,23-01-2011,29,311492
1167,20,13,46,96,33,108,41,225,233,163,11,9,91,10,204,5,2,0.017902813,30-01-2011,25,249343
1835,7,34,279,86,10,175,288,1383,233,47,53,10,12,34,57,3,1,0.010549872,06-02-2011,47,180565
2438,29,27,546,19,4,296,85,90,233,38,28,132,48,39,164,1,5,0.000639386,13-02-2011,31,321764
277,6,23,533,4,50,23,281,112,233,381,63,88,87,30,64,2,2,0.015984655,20-02-2011,37,286617
457,10,15,380,108,62,19,132,14,233,141,27,76,59,48,35,4,1,0.001918159,27-02-2011,29,128517
2139,22,5,6,68,25,199,171,176,233,234,5,32,10,62,20,2,3,0.007672634,06-03-2011,25,167311
501,22,11,111,37,14,228,75,136,233,283,9,51,35,75,214,1,2,0.006074169,13-03-2011,28,126433
1740,25,15,21,73,39,19,77,104,233,6,41,21,13,122,27,1,1,0.012148338,20-03-2011,38,388087
114,31,14,14,19,27,60,55,18,233,24,77,22,298,1,4,2,2,0.013746803,27-03-2011,43,264226
919,8,99,581,30,36,55,22,474,233,74,1,120,187,5,3,4,3,0.000319693,03-04-2011,39,428126
1949,39,16,322,14,76,103,554,249,233,20,12,7,78,26,317,1,2,0.0092711,10-04-2011,44,325251
888,61,76,29,5,11,188,97,2,233,22,77,67,41,18,137,3,2,0.008951407,17-04-2011,36,240452
4296,17,8,280,48,73,287,5,25,233,140,41,76,10,1,76,1,1,0.004475703,24-04-2011,43,122920
460,47,5,514,4,7,157,135,526,233,9,26,13,112,26,52,1,1,0.016943734,01-05-2011,28,126755
3324,33,5,626,41,25,105,147,84,233,29,42,8,185,21,165,9,1,0.007352941,08-05-2011,27,380711
1938,31,37,988,35,50,104,118,38,233,288,11,30,73,24,95,5,2,0.011828645,15-05-2011,29,272499
685,6,36,914,38,13,531,166,345,233,151,94,5,248,6,416,1,3,0.016304348,22-05-2011,47,112427
395,18,1,346,19,49,100,65,80,233,100,65,28,5,22,11,4,3,0.01342711,29-05-2011,41,361025
3110,30,18,270,87,3,481,50,9,233,136,5,12,352,24,281,1,2,0.018861893,05-06-2011,42,152560
2772,12,158,13,20,23,320,40,189,233,96,19,59,53,27,100,1,1,0.014705882,12-06-2011,35,125670
2494,49,107,59,4,46,271,67,390,233,103,97,47,119,29,121,3,3,0.007033248,19-06-2011,28,365871
1666,1,90,6,88,37,73,12,336,233,10,1,15,71,1,70,2,2,0.017263427,26-06-2011,35,405446
588,5,36,208,6,30,27,7,123,233,187,14,16,13,53,89,1,1,0.015664962,03-07-2011,29,291936
292,5,87,48,10,1,67,229,373,233,96,100,40,134,22,479,1,2,0.002237852,10-07-2011,40,490746
175,15,34,80,91,18,413,76,66,233,36,15,98,31,29,106,4,3,0.00415601,17-07-2011,49,204983
369,15,1,539,137,1,475,278,38,233,63,27,11,114,18,211,1,1,0.005434783,24-07-2011,36,449062
2153,24,2,84,7,8,245,94,5,233,9,13,38,15,87,200,1,4,0.003196931,31-07-2011,41,222813
1091,73,13,257,51,44,26,33,556,233,239,55,19,115,2,30,1,3,0.016624041,07-08-2011,34,444429
3257,43,20,247,17,41,304,74,720,233,94,192,3,345,21,184,1,1,0.002877238,14-08-2011,41,277019
1267,2,57,87,27,1,14,167,349,233,35,40,85,162,33,23,3,1,0.011189258,21-08-2011,33,360005
2939,8,8,203,13,29,102,5,189,233,227,16,51,287,119,16,1,1,0.006713555,28-08-2011,36,183535
728,1,18,56,38,41,57,191,14,233,89,48,16,76,6,103,1,2,0.01758312,04-09-2011,47,410411
725,24,32,404,24,12,95,15,172,233,14,79,25,28,30,16,1,2,0.002557545,11-09-2011,49,348825
790,5,2,243,51,3,129,147,44,233,65,26,27,5,27,48,2,2,0.018542199,18-09-2011,45,289700
870,11,54,43,17,23,188,378,133,233,53,32,59,51,69,19,1,1,0.00831202,25-09-2011,40,171881
264,4,28,1091,34,13,1368,338,2,233,134,32,57,104,35,224,1,2,0.007992327,02-10-2011,50,287459
698,10,18,33,68,10,21,345,183,233,171,44,11,148,5,90,2,1,0.012787724,09-10-2011,34,152211
660,6,26,25,9,52,205,2,225,233,200,16,14,39,27,143,1,2,0.014066496,16-10-2011,41,118819
2159,51,52,349,13,34,125,83,143,233,93,84,13,315,39,56,1,1,0.005754476,23-10-2011,48,304410
2163,31,30,67,46,44,137,21,23,233,8,39,24,7,194,28,2,1,0.015025575,30-10-2011,35,372340
2418,38,100,342,1,35,15,150,144,233,147,222,112,7,91,16,3,2,0.009590793,06-11-2011,25,375628
1242,13,28,605,4,14,153,10,13,233,11,85,35,44,19,302,1,1,0.006393862,13-11-2011,33,185481
6689,9,17,143,66,92,673,101,102,233,60,9,20,14,40,28,1,2,0.011508951,20-11-2011,41,146083
131,61,67,412,81,69,92,97,189,233,8,51,3,47,98,87,2,3,0.004795396,27-11-2011,41,198916
18,2,63,284,44,7,709,69,566,233,33,69,58,8,121,167,1,3,0.009910486,04-12-2011,29,311247
304,5,22,46,23,8,4,135,194,233,69,93,25,117,105,87,1,1,0.000959079,11-12-2011,43,399651
6173,1,17,934,16,77,168,23,12,233,41,5,115,43,26,318,2,6,0.008631714,18-12-2011,47,494089
1367,61,7,679,41,20,276,396,483,507,98,113,165,157,60,2,2,1,0.031559173,25-12-2011,40,158069
205,7,29,634,16,9,37,877,71,507,589,68,62,125,1,16,2,1,0.026487163,01-01-2012,30,182434
2878,4,16,293,19,7,47,126,91,507,14,84,27,31,19,77,2,3,0.020851597,08-01-2012,41,478384
1376,23,13,249,53,50,92,244,719,507,161,9,80,89,6,15,2,1,0.027614277,15-01-2012,41,321093
635,3,6,205,7,4,22,214,357,507,150,54,85,203,22,1,1,2,0.014652473,22-01-2012,46,158719
1718,25,181,979,22,8,277,431,43,507,91,3,19,28,45,8,1,1,0.007326237,29-01-2012,38,460371
799,6,19,121,98,10,395,98,68,507,128,51,144,17,23,38,1,1,0.02874139,05-02-2012,30,180146
3851,44,40,1064,46,56,18,456,173,507,9,65,17,34,25,18,2,5,0.00507201,12-02-2012,35,259713
1106,7,15,102,47,7,20,19,4,507,84,13,3,100,18,15,4,3,0.029304947,19-02-2012,29,263327
3676,11,60,182,1,91,11,45,114,507,37,66,13,158,2,20,2,3,0.02197871,26-02-2012,50,386347
1886,23,17,176,50,52,61,44,190,507,109,26,41,159,57,26,2,1,0.019160927,04-03-2012,30,493858
3021,7,6,394,91,6,377,48,258,507,201,26,4,211,20,5,1,2,0.000563557,11-03-2012,35,151534
2056,61,10,69,88,10,390,134,12,507,8,102,29,133,19,13,1,1,0.024232937,18-03-2012,43,271367
3094,18,19,46,13,6,49,119,39,507,90,70,17,28,59,4,4,1,0.00338134,25-03-2012,49,289688
285,7,57,109,17,15,125,52,259,507,122,5,53,39,97,15,1,1,0.015779587,01-04-2012,26,195686
1048,24,41,118,61,12,255,24,236,507,33,9,5,22,10,12,2,1,0.018033813,08-04-2012,36,365524
2543,71,4,238,7,35,11,180,696,507,189,6,40,261,167,16,1,2,0.014088917,15-04-2012,28,277251
682,2,49,600,117,93,215,24,360,507,215,2,10,4,9,28,1,4,0.002254227,22-04-2012,46,338083
1787,11,59,339,16,1,120,6,97,507,119,76,6,109,13,15,1,1,0.02028804,29-04-2012,38,463358
638,2,18,163,2,17,86,71,126,507,82,143,74,19,5,23,5,1,0.019724483,06-05-2012,29,254498
4173,22,37,2,37,32,78,41,50,507,36,89,40,54,13,64,1,2,0.010707577,13-05-2012,39,413985
766,1,12,199,8,97,531,321,314,507,13,28,39,46,4,33,1,1,0.03043206,20-05-2012,46,244192
1609,39,7,120,8,35,286,103,219,507,74,120,45,63,2,93,2,1,0.012961803,27-05-2012,27,310542
426,32,4,225,12,42,62,632,567,507,52,76,21,106,86,31,2,2,0.02536005,03-06-2012,28,387073
4298,46,26,78,37,164,93,781,332,507,14,74,3,114,17,27,3,2,0.021415153,10-06-2012,45,491514
226,36,10,598,9,18,181,3,19,507,27,120,10,59,26,27,1,2,0.030995617,17-06-2012,48,494730
650,1,7,879,6,3,183,61,662,507,4,52,14,25,5,85,1,2,0.002817783,24-06-2012,48,293007
73,3,28,791,11,17,31,51,305,507,29,1,52,326,96,11,1,3,0.017470257,01-07-2012,34,217416
4122,102,15,314,48,82,459,14,253,507,528,10,4,19,15,36,1,2,0.01859737,08-07-2012,49,368976
1010,39,25,94,21,51,300,28,920,507,259,34,41,23,5,21,1,1,0.005635567,15-07-2012,47,453688
2203,33,25,782,42,24,280,234,87,507,19,47,68,6,24,113,4,3,0.02705072,22-07-2012,48,161477
3168,23,25,40,15,34,55,202,672,507,87,11,1,11,57,112,1,1,0.022542267,29-07-2012,46,277340
1118,7,10,72,47,98,445,195,44,507,107,120,16,9,24,15,2,1,0.01014402,05-08-2012,50,387460
1839,3,26,606,159,44,270,13,1108,507,87,3,13,19,42,28,1,1,0.00676268,12-08-2012,45,425029
525,22,2,75,26,12,193,257,195,507,385,107,73,116,3,29,1,1,0.023105823,19-08-2012,27,482968
6314,21,14,51,101,96,42,54,311,507,62,16,40,30,59,16,3,1,0.011271133,26-08-2012,44,338932
1005,21,18,62,97,62,375,18,309,507,70,109,25,28,38,27,1,2,0.032686287,02-09-2012,29,304558
1,1,36,1042,38,8,199,303,90,507,95,67,96,64,30,119,2,2,0.016343143,09-09-2012,42,455565
1900,27,116,822,20,4,266,21,1,507,73,4,20,17,178,8,1,1,0.004508453,16-09-2012,25,262444
245,2,16,103,70,13,7,40,5,507,284,10,22,164,25,15,2,3,0.009580463,23-09-2012,27,174828
280,5,14,267,42,2,447,178,44,507,166,88,53,12,1,61,3,1,0.001127113,30-09-2012,43,186174
1327,82,46,482,33,13,109,28,43,507,78,13,15,113,12,48,6,4,0.00845335,07-10-2012,30,201521
1283,32,16,684,181,2,281,202,175,507,398,58,66,86,6,9,1,2,0.0169067,14-10-2012,47,406380
1366,14,17,94,17,68,51,66,156,507,31,23,80,26,11,13,2,3,0.024796493,21-10-2012,32,222715
161,99,2,99,157,1,217,115,437,507,1,32,68,89,50,6,2,1,0.025923607,28-10-2012,42,192677
1819,10,8,66,40,21,76,65,72,507,111,18,66,263,24,55,1,1,0.029868503,04-11-2012,30,468241
11,19,10,112,80,44,467,31,81,507,183,122,6,172,58,50,1,1,0.01183469,11-11-2012,48,381397
258,14,10,61,5,19,387,163,43,507,10,23,79,16,2,33,1,1,0.033249843,18-11-2012,46,488703
456,28,7,287,28,63,152,76,10,507,110,95,71,128,90,13,1,2,0.003944897,25-11-2012,32,376292
1708,7,30,11,3,84,121,239,188,507,11,20,35,150,1,2,4,1,0.007889793,02-12-2012,35,263917
872,1,8,266,424,12,198,164,442,507,7,41,6,4,16,12,1,3,0.03212273,09-12-2012,39,481667
1373,17,25,732,21,48,13,103,65,507,37,209,29,89,69,16,3,1,0.012398247,16-12-2012,42,235586
170,3,29,188,54,11,580,514,599,406,223,31,46,49,114,63,2,1,0.086557789,23-12-2012,30,132073
273,38,12,89,2,13,19,69,659,406,11,19,15,19,86,1,6,1,0.062060302,30-12-2012,36,316161
1917,4,58,1355,9,11,63,36,454,406,208,15,11,40,7,22,1,3,0.011432161,06-01-2013,34,380309
44,30,6,169,21,24,290,22,261,406,46,1,65,44,40,36,1,4,0.05879397,13-01-2013,44,139279
7,20,10,43,120,7,98,237,344,406,35,47,143,15,12,16,1,2,0.081658291,20-01-2013,35,247015
963,21,31,811,100,1,2,139,19,406,47,40,90,82,1,3,3,1,0.027763819,27-01-2013,41,272257
595,1,64,286,26,50,27,74,54,406,39,17,2,49,27,46,1,1,0.053894472,03-02-2013,29,160021
3600,5,58,1122,191,2,172,49,190,406,109,406,53,70,14,14,1,1,0.040829146,10-02-2013,28,436740
1216,66,47,7,34,7,193,2,245,406,179,65,43,59,79,1,4,1,0.073492462,17-02-2013,34,333317
1106,18,55,352,52,36,292,115,35,406,285,109,47,178,9,18,1,2,0.066959799,24-02-2013,49,423597
2898,9,3,399,2,3,306,66,25,406,118,20,29,23,49,3,2,1,0.021231156,03-03-2013,25,164390
621,37,50,91,45,45,500,43,138,406,41,12,29,84,88,3,2,1,0.065326633,10-03-2013,26,159335
394,5,35,21,66,9,194,63,225,406,239,3,22,30,7,45,2,3,0.017964824,17-03-2013,39,429651
712,91,15,94,47,5,259,9,232,406,488,16,124,69,19,6,4,1,0.096356784,24-03-2013,26,424247
644,9,6,240,1,60,217,63,189,406,6,22,24,204,4,8,1,1,0.045728643,31-03-2013,50,205012
3169,33,111,253,137,19,101,201,105,406,94,22,34,252,37,17,2,1,0.013065327,07-04-2013,25,340424
2413,28,5,185,44,2,74,260,391,406,124,21,75,132,7,11,2,1,0.075125628,14-04-2013,38,480568
2597,1,21,155,35,43,537,69,486,406,131,46,24,80,244,59,4,1,0.026130653,21-04-2013,48,438564
81,35,35,277,101,43,348,375,808,406,33,31,34,23,52,25,2,2,0.068592965,28-04-2013,35,191935
410,21,25,148,174,42,33,27,246,406,378,13,25,13,4,1,1,1,0.07839196,05-05-2013,46,292935
1500,12,26,274,98,89,72,124,150,406,30,12,26,40,30,59,1,1,0.034296482,12-05-2013,31,459573
570,22,23,357,8,21,10,37,25,406,404,16,63,48,41,4,4,2,0.076758794,19-05-2013,28,146813
418,30,2,241,22,47,587,3,137,406,124,12,51,22,6,24,1,1,0.001633166,26-05-2013,43,181033
921,3,51,319,27,115,613,267,64,406,59,16,59,66,84,23,1,3,0.044095477,02-06-2013,50,257961
1640,1,19,194,12,3,387,240,65,406,95,47,82,6,8,33,1,2,0.070226131,09-06-2013,37,326063
9707,13,15,34,11,190,145,134,313,406,103,17,20,73,20,31,3,1,0.084924623,16-06-2013,36,102462
1722,17,8,302,17,17,223,114,95,406,419,186,40,48,34,15,3,1,0.094723618,23-06-2013,48,250642
1002,105,37,61,6,88,19,105,217,406,102,3,17,55,108,8,2,2,0.047361809,30-06-2013,47,282206
169,78,34,283,12,11,226,158,88,406,58,145,19,8,42,14,1,5,0.060427136,07-07-2013,33,382111
4330,60,11,125,17,21,106,295,278,406,1,158,60,238,8,35,2,4,0.035929648,14-07-2013,29,429104
3700,30,35,790,14,79,298,6,72,406,39,47,2,88,13,32,1,1,0.024497487,21-07-2013,36,194412
2551,61,18,169,72,26,601,41,454,406,150,42,76,52,3,32,2,2,0.003266332,28-07-2013,27,204335
749,41,25,1509,75,16,579,35,18,406,22,41,12,82,29,23,3,5,0.048994975,04-08-2013,45,194988
425,18,4,612,115,17,449,28,92,406,130,59,11,8,215,46,1,3,0.091457286,11-08-2013,50,248148
1382,33,1,17,42,63,37,241,125,406,137,156,9,28,228,6,1,4,0.014698492,18-08-2013,27,417398
2471,12,6,259,5,28,141,44,186,406,26,3,17,297,205,10,1,1,0.093090452,25-08-2013,35,138320
65,32,59,97,16,2,145,116,312,406,11,126,1,25,32,29,1,2,0.052261307,01-09-2013,41,258782
81,5,47,520,13,18,196,99,478,406,9,1,52,4,74,19,1,1,0.080025126,08-09-2013,28,461388
4936,50,39,135,65,56,448,95,34,406,10,123,39,106,20,13,2,3,0.032663317,15-09-2013,27,408689
1423,61,52,56,33,49,179,440,279,406,75,16,35,2,24,2,1,1,0.009798995,22-09-2013,45,125120
281,17,5,136,15,21,370,597,14,406,11,74,6,103,62,40,6,7,0.083291457,29-09-2013,41,267273
465,4,32,1218,102,27,244,77,35,406,80,112,23,55,96,8,1,4,0.057160804,06-10-2013,44,451748
1245,8,6,23,145,1,491,39,91,406,359,4,14,51,9,32,4,2,0.008165829,13-10-2013,36,151472
2729,38,92,626,25,4,433,13,405,406,47,20,22,317,70,12,3,1,0.042462312,20-10-2013,31,239376
1207,16,8,405,89,81,213,4,73,406,65,79,29,38,4,1,1,1,0.022864322,27-10-2013,41,436167
1365,3,5,191,13,43,54,109,247,406,8,132,8,80,128,20,1,2,0.089824121,03-11-2013,35,311905
2054,15,3,47,13,8,31,123,301,406,54,8,47,40,36,3,1,2,0.029396985,10-11-2013,43,141785
689,1,8,84,21,151,128,111,343,406,87,92,146,202,10,13,1,2,0.050628141,17-11-2013,50,298713
4657,3,2,1367,57,21,207,7,52,406,33,1,16,40,2,8,1,1,0.055527638,24-11-2013,40,342555
751,12,37,15,77,38,65,25,133,406,14,26,6,87,18,27,3,1,0.01959799,01-12-2013,27,215160
2389,44,13,1548,46,36,568,18,398,406,52,18,7,43,2,5,2,1,0.063693467,08-12-2013,40,173315
891,3,11,1032,57,19,67,200,276,406,176,42,85,257,22,10,1,3,0.004899497,15-12-2013,36,394879
4728,4,12,53,4,31,73,548,169,41,620,21,16,33,17,7,2,1,-0.012149533,22-12-2013,36,491729
319,23,75,130,77,34,64,170,129,41,84,7,56,175,25,54,1,3,-0.002803738,29-12-2013,37,317359
2014,51,5,540,72,14,180,17,237,41,39,122,71,54,49,194,2,1,-0.018068536,05-01-2014,47,403979
4445,58,8,86,16,14,185,386,25,41,65,9,29,63,1,6,1,4,-0.008099688,12-01-2014,38,212687
738,1,25,533,9,10,53,26,955,41,348,107,9,59,70,52,1,3,-0.002492212,19-01-2014,46,429012
492,46,18,266,65,13,238,134,64,41,26,84,54,251,79,36,4,4,-0.011214953,26-01-2014,44,301781
2883,71,30,73,128,2,252,170,113,41,61,23,31,19,17,49,2,1,-0.001246106,02-02-2014,46,218202
2355,13,30,342,5,38,54,487,142,41,74,7,90,98,79,24,8,1,-0.002180685,09-02-2014,39,128456
1117,5,2,79,25,64,305,40,395,41,94,103,24,61,111,24,2,2,-0.001869159,16-02-2014,43,429035
471,47,105,209,94,9,117,91,59,41,20,11,27,311,24,4,2,2,-0.000934579,23-02-2014,50,151608
407,75,5,487,57,13,603,130,295,41,33,6,82,93,14,38,1,4,-0.003738318,02-03-2014,26,429867
185,19,41,45,14,15,15,7,276,41,146,5,59,159,29,31,3,1,-0.012461059,09-03-2014,26,316263
213,1,29,237,36,10,104,97,82,41,14,17,9,40,61,54,3,6,-0.01588785,16-03-2014,37,280563
315,22,14,19,99,16,125,175,251,41,41,77,76,81,13,7,1,3,-0.014953271,23-03-2014,38,205776
641,7,3,236,4,61,45,140,58,41,22,74,92,91,139,25,2,2,-0.008411215,30-03-2014,30,161907
5011,24,28,359,14,55,170,29,80,41,144,34,30,69,85,31,2,2,-0.000311526,06-04-2014,30,420467
2972,11,4,110,17,13,196,286,333,41,37,13,10,37,44,71,6,4,-0.007476636,13-04-2014,44,460801
133,12,23,284,40,100,182,376,53,41,109,147,56,2,48,17,5,2,-0.00529595,20-04-2014,43,300581
14,11,4,973,37,127,51,2,172,41,56,21,44,415,47,97,1,2,-0.0105919,27-04-2014,38,494687
782,34,48,29,18,11,898,13,266,41,33,125,6,32,57,2,1,1,-0.006542056,04-05-2014,45,207531
524,86,36,81,78,49,115,5,91,41,99,19,31,170,6,34,5,1,-0.015576324,11-05-2014,38,455984
1156,1,2,968,2,9,136,1,276,41,175,39,79,138,64,12,1,1,-0.01682243,18-05-2014,47,370177
70,28,128,910,27,76,365,108,188,41,66,57,16,27,14,11,2,1,-0.004049844,25-05-2014,25,115607
3628,9,8,412,10,46,222,170,3,41,65,78,118,117,19,12,3,2,-0.00623053,01-06-2014,31,165884
1575,48,52,227,128,70,51,95,56,41,26,117,32,12,5,47,1,1,-0.003115265,08-06-2014,43,408268
2501,13,65,21,60,13,493,686,196,41,110,43,77,13,94,16,2,2,-0.000623053,15-06-2014,42,400153
1684,25,17,737,24,12,178,64,304,41,13,55,11,173,53,31,2,1,-0.004361371,22-06-2014,29,357835
337,4,13,236,266,36,83,6,235,41,245,2,74,24,41,23,3,1,-0.01152648,29-06-2014,47,456325
3441,3,20,102,4,10,216,25,477,41,399,47,52,345,42,2,4,1,-0.017133956,06-07-2014,40,183281
1545,23,3,365,82,19,67,77,1476,41,121,68,61,15,48,21,2,1,-0.009345794,13-07-2014,43,433585
1272,5,79,49,74,9,197,248,103,41,180,57,19,260,42,72,1,1,-0.017445483,20-07-2014,49,167276
1182,13,35,813,44,36,97,13,169,41,325,7,30,27,49,11,1,3,-0.017757009,27-07-2014,49,381358
841,7,46,520,23,1,691,180,28,41,112,171,11,48,7,121,1,5,-0.013395639,03-08-2014,29,253324
1180,19,34,125,7,78,181,175,135,41,49,10,16,8,168,27,1,3,-0.016510903,10-08-2014,36,137096
194,43,28,5,129,9,368,287,277,41,84,23,2,112,27,2,6,3,-0.005919003,17-08-2014,37,128689
1437,67,1,1527,8,213,540,237,287,41,28,79,45,118,48,90,1,1,-0.013707165,24-08-2014,48,178476
4342,91,33,380,22,33,316,20,98,41,65,88,21,86,90,78,1,2,-0.007165109,31-08-2014,28,171483
3132,4,41,702,59,9,67,347,605,41,267,29,20,151,104,37,2,1,-0.014018692,07-09-2014,44,440369
7379,11,4,592,35,3,163,19,172,41,24,255,2,102,36,35,1,1,-0.016199377,14-09-2014,32,416860
1815,31,14,1321,174,31,219,53,305,41,186,9,63,31,32,22,2,3,-0.015264798,21-09-2014,43,331107
1710,10,22,401,21,33,570,129,245,41,93,70,46,74,64,22,1,2,-0.011838006,28-09-2014,33,436133
194,31,38,47,3,3,94,202,55,41,34,8,105,261,54,23,2,1,-0.010280374,05-10-2014,30,334267
1116,1,7,338,17,37,117,5,138,41,229,5,56,14,137,7,1,2,-0.014330218,12-10-2014,45,460340
159,2,223,258,3,22,503,60,67,41,11,10,42,1,20,32,1,2,-0.010903427,19-10-2014,44,122240
974,11,13,167,116,8,122,218,130,41,294,28,19,15,3,57,1,2,-0.007788162,26-10-2014,50,460768
3079,30,3,170,117,45,219,90,226,41,16,70,18,94,89,65,1,2,-0.014641745,02-11-2014,34,180139
895,6,55,392,8,35,83,37,80,41,44,74,10,146,18,49,1,2,-0.018380062,09-11-2014,35,160057
396,65,33,298,19,13,5,431,175,41,123,45,9,32,11,11,1,1,-0.012772586,16-11-2014,33,182385
235,1,5,473,61,55,223,128,423,41,3,73,20,66,36,23,1,5,-0.008722741,23-11-2014,31,174894
1988,1,63,119,23,9,177,52,188,41,59,23,26,74,3,18,1,2,-0.009034268,30-11-2014,39,452984
468,25,25,693,12,32,172,509,639,41,18,36,54,18,45,28,1,2,-0.004984424,07-12-2014,42,185892
4235,74,67,15,142,27,107,24,224,41,162,8,30,132,12,12,1,2,-0.003426791,14-12-2014,41,375304
1107,12,7,72,158,45,267,322,78,1,25,8,11,54,104,34,3,2,0.022385204,21-12-2014,49,432502
183,11,2,180,38,113,264,214,178,1,47,2,36,180,126,27,2,1,0.016581633,28-12-2014,30,329366
6267,11,140,1061,68,62,72,159,149,1,12,6,6,56,4,17,2,2,0.046428571,04-01-2015,39,455661
1639,2,4,382,42,23,310,174,431,1,51,19,87,10,33,13,1,2,0.029846939,11-01-2015,25,248774
348,9,36,788,11,69,288,39,266,1,209,87,6,109,54,17,2,1,0.039795918,18-01-2015,25,395371
264,23,33,46,39,12,170,6,24,1,17,106,156,161,64,4,1,1,0.036479592,25-01-2015,50,284599
4210,7,54,372,14,30,377,52,102,1,112,75,59,26,35,45,3,3,0.023214286,01-02-2015,48,196424
1769,70,3,82,76,13,391,245,268,1,86,28,109,51,101,61,1,1,0.014094388,08-02-2015,43,180902
63,72,6,323,53,70,153,13,313,1,28,21,10,46,294,58,1,3,0.00497449,15-02-2015,28,385545
3287,53,87,923,77,6,2,80,300,1,69,10,29,150,56,11,1,1,0.038966837,22-02-2015,25,445042
5039,15,14,272,15,40,164,97,536,1,55,14,11,29,35,3,1,4,0.037308673,01-03-2015,35,315435
185,57,37,177,102,29,577,9,605,1,258,19,42,72,26,4,1,2,0.03565051,08-03-2015,25,455822
772,2,17,95,49,9,89,110,177,1,38,22,5,156,109,4,2,1,0.017410714,15-03-2015,41,199692
3347,20,51,473,12,2,143,37,239,1,183,74,3,9,28,16,5,1,0.043941327,22-03-2015,41,352612
933,5,14,676,124,17,76,111,235,1,45,42,8,363,39,35,1,1,0.048915816,29-03-2015,37,142553
3115,21,17,75,49,3,158,164,158,1,61,27,83,296,30,92,1,2,0.001658163,05-04-2015,41,453014
1187,10,29,367,41,94,142,15,176,1,131,18,50,70,4,5,2,1,0.019897959,12-04-2015,36,201737
1737,124,11,818,91,12,180,188,117,1,34,34,24,57,33,7,3,1,0.014923469,19-04-2015,46,466940
398,17,27,730,3,15,27,157,154,1,120,49,23,125,18,10,3,3,0.042283163,26-04-2015,43,417154
107,73,47,112,93,31,58,209,20,1,102,14,6,152,45,4,1,2,0.009119898,03-05-2015,33,330663
327,33,1,105,142,70,118,151,471,1,19,217,58,13,2,3,2,2,0.028188776,10-05-2015,41,453493
1167,39,25,363,180,44,60,59,22,1,136,49,33,7,2,8,2,1,0.005803571,17-05-2015,45,186921
1822,21,109,149,52,2,61,57,559,1,149,108,25,100,28,29,1,2,0.031505102,24-05-2015,50,297401
2182,25,67,785,42,6,79,459,389,1,58,65,71,61,93,2,1,1,0.032334184,31-05-2015,33,326006
310,43,63,913,135,53,35,86,422,1,182,4,32,44,6,18,1,2,0.029017857,07-06-2015,34,165848
277,18,6,141,41,10,465,71,57,1,80,52,2,167,1,16,1,1,0.043112245,14-06-2015,28,119013
1106,9,23,384,18,21,115,630,1,1,159,9,36,110,1,5,2,1,0.020727041,21-06-2015,35,377166
1064,49,47,897,68,30,30,374,458,1,29,9,12,17,89,17,3,1,0.015752551,28-06-2015,42,159205
2727,12,50,95,1,7,222,176,237,1,198,4,5,7,172,24,3,6,0.006632653,05-07-2015,48,424049
2763,20,9,189,14,64,50,16,19,1,190,24,32,33,138,84,1,1,0.018239796,12-07-2015,27,406745
1322,13,49,203,10,81,9,404,328,1,37,126,47,122,16,26,1,1,0.047257653,19-07-2015,47,469602
535,27,14,99,11,19,124,22,242,1,288,49,13,31,25,33,2,1,0.04559949,26-07-2015,31,200246
2054,9,7,707,7,10,4,293,309,1,9,9,179,9,2,4,1,1,0.026530612,02-08-2015,41,119430
19,31,51,2231,4,15,38,12,216,1,65,20,24,279,22,8,1,1,0.021556122,09-08-2015,37,455069
1976,51,139,208,14,38,17,104,512,1,93,22,30,45,10,4,6,3,0.03067602,16-08-2015,31,326678
1671,1,109,218,20,54,1,227,52,1,93,36,64,8,52,6,1,2,0.025701531,23-08-2015,46,396525
4370,24,10,204,105,40,93,141,763,1,115,109,16,6,29,1,3,2,0.000829082,30-08-2015,31,253267
637,186,26,209,9,16,152,67,374,1,47,22,60,295,31,3,3,1,0.013265306,06-09-2015,28,123867
713,1,19,1056,23,10,501,191,197,1,211,18,2,76,75,11,1,1,0.044770408,13-09-2015,48,232152
165,28,129,310,7,15,124,179,110,1,26,35,89,20,10,5,1,1,0.003316327,20-09-2015,35,162106
2490,13,73,63,1,85,174,3,383,1,18,182,75,69,100,27,2,1,0.038137755,27-09-2015,47,208213
4142,4,41,379,91,22,52,149,236,1,358,61,59,14,34,27,2,2,0.008290816,04-10-2015,29,183884
2564,15,99,174,68,35,159,40,122,1,75,22,24,30,13,10,1,3,0.041454082,11-10-2015,48,261723
600,46,38,425,21,22,240,615,206,1,64,63,4,11,17,32,6,1,0.024043367,18-10-2015,42,342666
1656,2,29,14,141,5,318,31,101,1,341,81,28,114,17,8,1,2,0.040625,25-10-2015,47,319903
22,2,115,182,16,51,1002,256,150,1,58,58,5,76,10,6,1,4,0.007461735,01-11-2015,39,248047
1356,42,35,40,9,23,314,70,71,1,149,38,7,599,9,2,1,2,0.002487245,08-11-2015,37,125179
6341,16,22,66,117,2,1179,6,119,1,31,308,26,41,80,39,2,1,0.033992347,15-11-2015,29,458755
983,34,19,166,99,96,137,103,54,1,53,21,13,1,29,37,2,2,0.010778061,22-11-2015,45,248641
42,38,45,8,81,3,436,12,142,1,244,45,38,201,17,13,1,1,0.011607143,29-11-2015,36,149286
238,6,31,187,81,23,526,190,184,1,176,8,1,20,52,17,1,2,0.027359694,06-12-2015,29,163663
2274,3,22,96,36,16,1071,200,449,1,47,97,13,43,68,39,2,2,0.019068878,13-12-2015,39,221936
275,27,23,72,39,15,160,173,145,171,79,1,21,87,14,9,2,1,0.048238994,20-12-2015,30,136043
522,56,26,360,103,20,370,154,71,171,290,8,34,203,92,72,1,1,0.027798742,27-12-2015,46,335620
796,34,98,905,17,8,587,287,72,171,4,49,69,131,99,189,6,1,0.00245283,03-01-2016,38,446589
2434,26,11,671,33,38,17,309,224,171,61,84,73,11,33,111,1,3,0.040062893,10-01-2016,33,239546
604,76,82,619,55,42,114,24,49,171,9,130,37,8,13,1,2,2,0.033522013,17-01-2016,34,480101
109,23,54,524,25,18,2,113,172,171,9,2,34,62,17,5,1,1,0.00572327,24-01-2016,35,454218
1469,13,26,85,57,74,409,172,389,171,408,107,20,126,14,131,1,1,0.020440252,31-01-2016,46,189479
1207,10,29,429,31,39,39,147,163,171,9,147,22,43,35,23,1,2,0.021257862,07-02-2016,39,315884
5585,1,97,53,8,36,224,56,173,171,67,27,48,55,2,23,1,1,0.026981132,14-02-2016,45,203310
5526,21,24,55,69,3,244,13,208,171,39,50,39,162,5,40,3,1,0.031069182,21-02-2016,27,266691
524,18,19,38,8,56,53,328,1,171,65,18,106,61,24,40,3,3,0.035157233,28-02-2016,37,335878
408,11,20,1174,4,29,64,871,391,171,15,107,19,215,139,5,2,2,0.00490566,06-03-2016,26,497381
669,85,49,396,23,2,185,138,731,171,60,95,49,62,8,15,1,1,0.026163522,13-03-2016,31,183590
1441,2,11,68,57,95,248,25,4,171,9,6,62,9,93,16,2,2,0.009811321,20-03-2016,25,102573
256,43,2,461,115,74,448,1,147,171,3,55,1,1,1,11,2,1,0.013899371,27-03-2016,43,120194
2968,8,2,224,95,12,464,64,85,171,4,1,33,19,153,129,3,1,0.013081761,03-04-2016,32,141654
6219,11,56,328,22,13,153,232,61,171,149,89,13,61,82,46,1,1,0.037610063,10-04-2016,43,394993
2320,3,1,1498,52,26,125,156,191,171,95,23,67,205,67,29,2,1,0.044150943,17-04-2016,30,438144
198,38,31,636,20,2,120,211,90,171,55,40,4,155,60,17,2,1,0.00163522,24-04-2016,47,367859
1268,24,53,693,152,27,196,138,112,171,167,51,3,22,15,34,1,2,0.029433962,01-05-2016,33,498673
663,5,44,92,20,31,280,5,331,171,18,9,7,371,1,9,1,2,0.011446541,08-05-2016,31,422119
778,10,74,584,59,60,295,175,225,171,27,74,4,20,25,22,3,1,0.018805031,15-05-2016,38,497076
89,93,75,659,47,13,888,52,1409,171,9,58,10,388,8,27,1,1,0.008993711,22-05-2016,43,241102
420,30,147,299,79,41,155,148,2,171,94,39,24,58,5,64,4,3,0.040880503,29-05-2016,28,472233
3638,22,50,46,61,59,45,26,72,171,157,17,42,14,103,18,2,1,0.012264151,05-06-2016,40,446356
1267,1,16,212,27,58,256,190,527,171,79,57,28,83,86,115,2,4,0.042515723,12-06-2016,49,102228
5004,21,23,136,78,11,28,106,15,171,345,38,14,22,53,135,2,2,0.025345912,19-06-2016,50,180557
1039,3,13,775,17,4,51,60,391,171,5,67,7,60,57,28,3,2,0.00081761,26-06-2016,49,375811
1316,13,8,19,11,21,148,100,124,171,274,46,77,147,35,40,1,1,0.031886792,03-07-2016,35,134331
2976,34,57,103,12,13,26,18,574,171,71,44,10,49,15,127,1,1,0.00408805,10-07-2016,47,389194
2795,17,40,19,34,14,398,162,1384,171,126,5,37,4,22,10,2,3,0.036792453,17-07-2016,37,343374
106,32,1,248,218,11,267,81,145,171,259,117,70,6,172,2,1,1,0.039245283,24-07-2016,25,104627
520,22,12,217,41,13,190,42,84,171,12,18,37,59,67,70,3,4,0.023710692,31-07-2016,47,152364
688,78,35,61,33,112,81,191,358,171,2,71,37,5,114,33,1,3,0.046603774,07-08-2016,38,210791
1018,54,50,233,19,1,130,78,476,171,77,131,3,23,15,124,1,1,0.044968553,14-08-2016,44,491522
898,3,8,129,18,12,66,26,29,171,134,120,1,48,31,7,1,1,0.045786164,21-08-2016,48,206987
541,26,24,921,83,65,235,99,22,171,25,20,6,188,7,16,1,3,0.043333333,28-08-2016,26,331642
898,24,8,49,143,62,249,35,242,171,68,19,80,42,5,5,2,2,0.007358491,04-09-2016,38,120513
74,2,16,70,75,9,474,456,8,171,190,23,126,115,23,23,2,5,0.034339623,11-09-2016,42,404327
5705,52,207,910,2,50,562,28,27,171,176,116,25,37,4,30,2,1,0.008176101,18-09-2016,25,162408
2022,1,7,102,229,6,60,20,168,171,43,15,8,25,83,60,1,1,0.015534591,25-09-2016,30,413339
1045,47,45,215,101,93,4,106,49,171,332,142,17,104,53,28,2,1,0.016352201,02-10-2016,36,184620
1244,39,109,36,65,23,79,286,55,171,42,60,83,99,104,33,3,5,0.022893082,09-10-2016,39,151032
4958,43,88,191,15,16,40,31,170,171,94,20,18,48,30,14,1,1,0.035974843,16-10-2016,28,252513
330,151,96,739,149,13,487,454,50,171,145,17,23,49,193,151,1,1,0.017169811,23-10-2016,36,340751
3040,5,2,327,36,5,105,120,166,171,207,8,16,125,45,107,1,3,0.022075472,30-10-2016,30,299775
492,13,39,96,15,81,465,10,320,171,4,22,50,288,47,12,1,3,0.010628931,06-11-2016,44,375643
1234,29,72,29,13,33,89,84,536,171,67,23,17,205,2,45,2,1,0.017987421,13-11-2016,49,328934
4547,7,115,87,82,39,265,96,2,171,286,32,9,85,10,51,2,5,0.047421384,20-11-2016,43,207695
190,9,12,509,50,33,229,495,10,171,205,15,69,34,11,53,3,8,0.030251572,27-11-2016,30,488255
30,11,10,755,70,12,376,4,211,171,78,5,4,114,1,53,1,1,0.038427673,04-12-2016,44,302105
1467,14,1,865,3,41,107,145,576,171,286,123,31,11,70,22,1,2,0.024528302,11-12-2016,39,358234
2071,54,133,621,10,2,301,156,203,71,44,55,4,7,114,15,2,6,0.014861295,18-12-2016,48,299697
166,61,4,29,64,35,817,110,202,71,9,62,3,67,12,64,2,1,0.023778071,25-12-2016,33,389706
1488,87,1,90,48,47,235,321,42,71,102,110,42,28,35,33,4,1,0.047556143,01-01-2017,40,469824
5663,18,22,79,55,25,78,60,144,71,139,33,42,36,50,23,1,1,0.019815059,08-01-2017,36,164972
808,30,25,678,10,4,7,154,80,71,76,171,61,24,16,24,4,1,0.020805812,15-01-2017,36,126944
2732,34,34,8,20,75,81,192,139,71,143,30,56,88,167,32,5,6,0.025759577,22-01-2017,33,182470
1991,1,59,47,41,27,395,154,695,71,189,16,44,44,13,1,1,5,0.032694848,29-01-2017,40,452825
1804,27,53,505,73,43,165,159,393,71,149,16,48,11,81,8,2,1,0.054491413,05-02-2017,36,216114
2349,16,25,209,56,56,166,197,12,71,128,4,31,259,88,4,1,2,0.004953765,12-02-2017,30,242285
206,5,2,414,24,34,8,18,446,71,193,3,5,34,67,60,2,2,0.034676354,19-02-2017,25,117540
265,26,7,389,12,11,261,34,418,71,92,38,76,33,17,14,2,2,0.021796565,26-02-2017,37,370121
677,16,4,437,80,118,355,71,284,71,161,30,31,66,28,106,4,1,0.039630119,05-03-2017,49,157667
50,12,14,331,93,31,367,10,66,71,39,2,19,425,12,92,2,1,0.048546896,12-03-2017,25,431834
3076,33,25,612,253,49,58,92,688,71,328,8,13,13,38,62,1,3,0.057463672,19-03-2017,27,300994
1532,20,48,679,68,9,509,283,22,71,132,220,8,76,1,31,1,2,0.022787318,26-03-2017,39,434492
2061,25,6,241,85,10,294,63,134,71,105,50,83,12,39,143,2,1,0.055482166,02-04-2017,46,244340
2470,12,81,429,12,13,271,377,49,71,63,126,3,26,32,77,1,1,0.050528402,09-04-2017,25,474201
114,2,9,128,27,10,145,81,976,71,68,168,46,36,30,28,1,5,0.028731836,16-04-2017,25,150782
1654,14,49,109,4,42,4,4,23,71,34,7,2,31,39,13,2,3,0.038639366,23-04-2017,33,165068
2297,9,26,697,133,29,213,85,388,71,67,61,28,14,148,8,1,2,0.007926024,30-04-2017,35,286463
4873,9,14,696,129,26,61,230,1212,71,73,14,69,50,100,20,1,1,0.008916777,07-05-2017,36,411341
1535,42,1,58,61,4,513,554,54,71,266,58,70,353,37,15,1,3,0.043593131,14-05-2017,35,288523
267,40,89,94,24,4,202,238,550,71,18,15,36,234,9,52,1,1,0.018824306,21-05-2017,46,424556
1528,6,40,175,62,16,169,11,157,71,84,41,40,36,9,39,1,1,0.024768824,28-05-2017,33,375148
1232,44,36,440,66,28,126,402,101,71,34,115,26,34,33,37,3,6,0.013870542,04-06-2017,39,119410
610,13,84,200,99,5,210,58,101,71,48,31,84,185,43,30,1,2,0.056472919,11-06-2017,25,328377
4178,52,141,123,17,31,99,13,150,71,370,10,18,180,15,195,1,1,0.041611625,18-06-2017,32,292817
1920,16,99,344,54,8,91,47,132,71,13,14,60,79,16,4,2,1,0.003963012,25-06-2017,43,208402
2593,26,13,876,41,49,83,160,131,71,159,84,3,412,29,15,1,1,0.037648613,02-07-2017,30,371636
1034,13,12,47,46,3,36,88,362,71,258,15,66,119,23,22,2,1,0.006935271,09-07-2017,48,115923
5465,16,122,290,81,89,184,125,255,71,13,15,5,35,108,61,2,1,0.005944518,16-07-2017,44,485881
3766,27,64,1142,63,35,8,115,122,71,9,25,4,150,19,132,1,1,0.011889036,23-07-2017,26,208385
709,18,45,20,300,32,88,8,105,71,144,34,33,41,110,33,1,3,0.010898283,30-07-2017,38,444597
1768,30,10,575,12,138,217,59,441,71,86,31,18,11,145,41,1,3,0.001981506,06-08-2017,29,110568
1778,11,75,201,42,44,833,330,202,71,113,2,116,10,50,27,1,2,0.042602378,13-08-2017,26,355581
568,4,32,206,53,16,35,17,32,71,7,28,63,17,15,12,5,1,0.033685601,20-08-2017,40,231297
1205,12,6,322,27,20,217,53,203,71,30,42,73,119,9,18,1,1,0.017833554,27-08-2017,44,425642
264,39,73,68,198,44,431,185,717,71,36,74,1,38,26,60,1,1,0.030713342,03-09-2017,31,403228
620,1,25,1449,5,19,471,40,231,71,30,80,6,182,89,34,2,1,0.052509908,10-09-2017,35,358844
615,7,64,322,4,52,136,16,5,71,19,11,102,159,180,82,1,2,0.035667107,17-09-2017,34,365948
1833,136,1,8,16,26,1054,93,224,71,278,44,15,164,11,49,2,1,0.049537649,24-09-2017,48,135012
1121,22,44,706,50,9,2,299,152,71,163,240,32,10,121,3,2,2,0.029722589,01-10-2017,38,370269
1544,11,27,440,90,5,115,150,19,71,132,34,5,82,2,67,2,1,0.00990753,08-10-2017,28,286659
98,11,10,454,9,9,429,497,220,71,28,62,14,12,20,107,1,3,0.04656539,15-10-2017,41,204465
794,8,33,20,55,17,155,188,191,71,57,14,21,22,54,23,3,1,0.051519155,22-10-2017,40,154514
603,68,1,678,6,96,30,72,70,71,24,3,9,21,3,67,1,4,0.02675033,29-10-2017,47,283891
168,35,16,77,30,33,352,325,8,71,35,18,55,56,36,5,1,1,0.040620872,05-11-2017,31,156471
559,1,72,1575,38,4,11,12,46,71,63,9,10,109,125,83,1,2,0.012879789,12-11-2017,31,491157
413,105,65,146,61,12,303,177,409,71,28,10,27,23,3,5,4,2,0.000990753,19-11-2017,33,268607
4340,8,48,218,72,41,20,60,95,71,95,9,9,42,25,23,2,1,0.045574637,26-11-2017,49,318735
4638,35,49,242,56,52,197,443,22,71,132,25,28,112,2,6,1,1,0.031704095,03-12-2017,49,210248
7,55,136,156,87,21,232,135,100,71,31,70,14,104,74,39,3,1,0.002972259,10-12-2017,40,316947
